truck_strategy,break_width,num_firetruck,max_speed,wind_dir,steps_to_extinguish_1_cell,placed_on_edges,Number_of_steps_to_ExtinguishFire,Number_of_extinguished_firecell,Number_of_burned_out_cell,Number_of_cells_on_fire,Maximum_growthrate_firecell_perstep,Maximum_extinguishedrate_firecell_perstep,Count_healthy_trees,Count_unhealthy_trees,Percentage_damaged_burnedtrees
Indirect attack,0,10,15,↖ North/West,1,0,89.27272727,139,2472.090909,2611.090909,28.63636364,6.181818182,3927.909091,2472.090909,30.90113636
Indirect attack,0,10,15,↖ North/West,1,1,83.45454545,153.5454545,2440.636364,2594.181818,30.45454545,7,3959.363636,2440.636364,30.50795455
Indirect attack,0,10,15,↖ North/West,2,0,106.3636364,152.2727273,2593.727273,2746,27.90909091,5.545454545,3806.272727,2593.727273,32.42159091
Indirect attack,0,10,15,↖ North/West,2,1,83.63636364,154.8181818,2322,2476.818182,26.45454545,7.727272727,4078,2322,29.025
Indirect attack,0,10,15,↖ North/West,6,0,101.7272727,146.5454545,2759.181818,2905.727273,30.81818182,6.272727273,3640.818182,2759.181818,34.48977273
Indirect attack,0,10,15,↖ North/West,6,1,86.81818182,156.3636364,2435.818182,2592.181818,28.18181818,6.454545455,3964.181818,2435.818182,30.44772727
Indirect attack,0,10,15,↗ North/East,1,0,97.63636364,153.1818182,2409.909091,2563.090909,28.36363636,6.181818182,3990.090909,2409.909091,30.12386364
Indirect attack,0,10,15,↗ North/East,1,1,94,158.4545455,2390.545455,2549,30.27272727,7.272727273,4009.454545,2390.545455,29.88181818
Indirect attack,0,10,15,↗ North/East,2,0,93.09090909,147.5454545,2448.090909,2595.636364,32.63636364,6.181818182,3951.909091,2448.090909,30.60113636
Indirect attack,0,10,15,↗ North/East,2,1,84.81818182,160.4545455,2397.363636,2557.818182,31.18181818,6.727272727,4002.636364,2397.363636,29.96704545
Indirect attack,0,10,15,↗ North/East,6,0,87.90909091,144.4545455,2472.636364,2617.090909,30.90909091,5.909090909,3927.363636,2472.636364,30.90795455
Indirect attack,0,10,15,↗ North/East,6,1,91.27272727,161.0909091,2342.909091,2504,30.63636364,7.545454545,4057.090909,2342.909091,29.28636364
Indirect attack,0,10,15,↘ South/East,1,0,87.18181818,142.3636364,2600,2742.363636,31.54545455,6.090909091,3800,2600,32.5
Indirect attack,0,10,15,↘ South/East,1,1,84.54545455,150.3636364,2531.363636,2681.727273,29.72727273,7.181818182,3868.636364,2531.363636,31.64204545
Indirect attack,0,10,15,↘ South/East,2,0,104.1818182,145.4545455,2837.818182,2983.272727,30.81818182,6.454545455,3562.181818,2837.818182,35.47272727
Indirect attack,0,10,15,↘ South/East,2,1,84.27272727,152.2727273,2372,2524.272727,26.72727273,7.636363636,4028,2372,29.65
Indirect attack,0,10,15,↘ South/East,6,0,91.36363636,143.1818182,2497.545455,2640.727273,27.36363636,6.454545455,3902.454545,2497.545455,31.21931818
Indirect attack,0,10,15,↘ South/East,6,1,90.81818182,157.4545455,2260.909091,2418.363636,25.90909091,7,4139.090909,2260.909091,28.26136364
Indirect attack,0,10,15,↙ South/West,1,0,97.09090909,135.2727273,2596.363636,2731.636364,25.45454545,6.363636364,3803.636364,2596.363636,32.45454545
Indirect attack,0,10,15,↙ South/West,1,1,109.2727273,160.0909091,2750.818182,2910.909091,33.36363636,7.454545455,3649.181818,2750.818182,34.38522727
Indirect attack,0,10,15,↙ South/West,2,0,91.81818182,143.5454545,2677.545455,2821.090909,27.45454545,6.090909091,3722.454545,2677.545455,33.46931818
Indirect attack,0,10,15,↙ South/West,2,1,91.54545455,161,2576,2737,32.54545455,7.545454545,3824,2576,32.2
Indirect attack,0,10,15,↙ South/West,6,0,86.45454545,141.6363636,2327.454545,2469.090909,27.45454545,6.363636364,4072.545455,2327.454545,29.09318182
Indirect attack,0,10,15,↙ South/West,6,1,94.54545455,153.5454545,2565.272727,2718.818182,31.63636364,6.090909091,3834.727273,2565.272727,32.06590909
Indirect attack,0,10,20,↖ North/West,1,0,85.45454545,145.0909091,2353.636364,2498.727273,25.45454545,6.454545455,4046.363636,2353.636364,29.42045455
Indirect attack,0,10,20,↖ North/West,1,1,86.18181818,162.7272727,2545.545455,2708.272727,32.18181818,7.727272727,3854.454545,2545.545455,31.81931818
Indirect attack,0,10,20,↖ North/West,2,0,92.90909091,145.3636364,2361.181818,2506.545455,25.90909091,6,4038.818182,2361.181818,29.51477273
Indirect attack,0,10,20,↖ North/West,2,1,92.54545455,160.1818182,2528.272727,2688.454545,29.81818182,7.909090909,3871.727273,2528.272727,31.60340909
Indirect attack,0,10,20,↖ North/West,6,0,100.8181818,142.2727273,2688.545455,2830.818182,29.81818182,6.363636364,3711.454545,2688.545455,33.60681818
Indirect attack,0,10,20,↖ North/West,6,1,87.45454545,163.7272727,2444,2607.727273,29.81818182,9,3956,2444,30.55
Indirect attack,0,10,20,↗ North/East,1,0,93.63636364,141.6363636,2655.545455,2797.181818,27.81818182,6.454545455,3744.454545,2655.545455,33.19431818
Indirect attack,0,10,20,↗ North/East,1,1,91.09090909,164.6363636,2585.818182,2750.454545,32.27272727,8.090909091,3814.181818,2585.818182,32.32272727
Indirect attack,0,10,20,↗ North/East,2,0,90.36363636,148.9090909,2375.363636,2524.272727,27.63636364,6.545454545,4024.636364,2375.363636,29.69204545
Indirect attack,0,10,20,↗ North/East,2,1,91.81818182,166.9090909,2487.909091,2654.818182,28.81818182,8.454545455,3912.090909,2487.909091,31.09886364
Indirect attack,0,10,20,↗ North/East,6,0,91.54545455,138.4545455,2731.363636,2869.818182,28.27272727,6.363636364,3668.636364,2731.363636,34.14204545
Indirect attack,0,10,20,↗ North/East,6,1,100,166.4545455,2491.545455,2658,29.18181818,8.272727273,3908.454545,2491.545455,31.14431818
Indirect attack,0,10,20,↘ South/East,1,0,103.5454545,147.1818182,2700.818182,2848,29.90909091,6,3699.181818,2700.818182,33.76022727
Indirect attack,0,10,20,↘ South/East,1,1,91.81818182,165.2727273,2598.090909,2763.363636,31.72727273,8.181818182,3801.909091,2598.090909,32.47613636
Indirect attack,0,10,20,↘ South/East,2,0,98.72727273,144.6363636,2662.272727,2806.909091,28.81818182,6.181818182,3737.727273,2662.272727,33.27840909
Indirect attack,0,10,20,↘ South/East,2,1,84.72727273,167.3636364,2291.818182,2459.181818,28.09090909,8.727272727,4108.181818,2291.818182,28.64772727
Indirect attack,0,10,20,↘ South/East,6,0,89.45454545,125.9090909,2273.181818,2399.090909,24.36363636,6.181818182,4126.818182,2273.181818,28.41477273
Indirect attack,0,10,20,↘ South/East,6,1,91.81818182,162.2727273,2618.272727,2780.545455,32.09090909,8.363636364,3781.727273,2618.272727,32.72840909
Indirect attack,0,10,20,↙ South/West,1,0,90.81818182,139.2727273,2615.181818,2754.454545,31.72727273,6.363636364,3784.818182,2615.181818,32.68977273
Indirect attack,0,10,20,↙ South/West,1,1,96,167.2727273,2571.818182,2739.090909,29.81818182,8.090909091,3828.181818,2571.818182,32.14772727
Indirect attack,0,10,20,↙ South/West,2,0,93.18181818,140.8181818,2474.090909,2614.909091,29.63636364,6.727272727,3925.909091,2474.090909,30.92613636
Indirect attack,0,10,20,↙ South/West,2,1,81,153.9090909,2277.727273,2431.636364,27.36363636,8.181818182,4122.272727,2277.727273,28.47159091
Indirect attack,0,10,20,↙ South/West,6,0,95.81818182,138.3636364,2609.090909,2747.454545,28.27272727,6.727272727,3790.909091,2609.090909,32.61363636
Indirect attack,0,10,20,↙ South/West,6,1,79.09090909,166.4545455,2402.272727,2568.727273,30.36363636,8.272727273,3997.727273,2402.272727,30.02840909
Indirect attack,0,10,25,↖ North/West,1,0,101,148.9090909,2577.090909,2726,28.27272727,6.454545455,3822.909091,2577.090909,32.21363636
Indirect attack,0,10,25,↖ North/West,1,1,90.18181818,160.4545455,2486,2646.454545,27.72727273,8.636363636,3914,2486,31.075
Indirect attack,0,10,25,↖ North/West,2,0,92.81818182,144.8181818,2531.454545,2676.272727,28.45454545,6.363636364,3868.545455,2531.454545,31.64318182
Indirect attack,0,10,25,↖ North/West,2,1,91.36363636,160.6363636,2519.090909,2679.727273,32.18181818,8.454545455,3880.909091,2519.090909,31.48863636
Indirect attack,0,10,25,↖ North/West,6,0,109.9090909,137.5454545,2805.909091,2943.454545,32.36363636,6.181818182,3594.090909,2805.909091,35.07386364
Indirect attack,0,10,25,↖ North/West,6,1,84.45454545,157.1818182,2230.727273,2387.909091,27.63636364,8.363636364,4169.272727,2230.727273,27.88409091
Indirect attack,0,10,25,↗ North/East,1,0,92.90909091,143.5454545,2688.636364,2832.181818,28.63636364,5.909090909,3711.363636,2688.636364,33.60795455
Indirect attack,0,10,25,↗ North/East,1,1,85.54545455,164.1818182,2503.272727,2667.454545,28.72727273,8.454545455,3896.727273,2503.272727,31.29090909
Indirect attack,0,10,25,↗ North/East,2,0,95.54545455,138.7272727,2631.454545,2770.181818,27.72727273,6.454545455,3768.545455,2631.454545,32.89318182
Indirect attack,0,10,25,↗ North/East,2,1,93.27272727,168.1818182,2371.545455,2539.727273,28,8.272727273,4028.454545,2371.545455,29.64431818
Indirect attack,0,10,25,↗ North/East,6,0,96.63636364,138.9090909,2492.454545,2631.363636,25.09090909,6,3907.545455,2492.454545,31.15568182
Indirect attack,0,10,25,↗ North/East,6,1,83.27272727,152.9090909,2297.090909,2450,28.45454545,8.090909091,4102.909091,2297.090909,28.71363636
Indirect attack,0,10,25,↘ South/East,1,0,93.90909091,138.5454545,2619.818182,2758.363636,28.36363636,6.272727273,3780.181818,2619.818182,32.74772727
Indirect attack,0,10,25,↘ South/East,1,1,84.90909091,158.0909091,2411.090909,2569.181818,30.27272727,8.090909091,3988.909091,2411.090909,30.13863636
Indirect attack,0,10,25,↘ South/East,2,0,91.09090909,135.1818182,2501.363636,2636.545455,28.36363636,6.181818182,3898.636364,2501.363636,31.26704545
Indirect attack,0,10,25,↘ South/East,2,1,81.81818182,157.8181818,2364.545455,2522.363636,29.72727273,8.818181818,4035.454545,2364.545455,29.55681818
Indirect attack,0,10,25,↘ South/East,6,0,97.81818182,139.8181818,2508.181818,2648,27.45454545,5.454545455,3891.818182,2508.181818,31.35227273
Indirect attack,0,10,25,↘ South/East,6,1,84.45454545,160.1818182,2416.727273,2576.909091,28.18181818,9.272727273,3983.272727,2416.727273,30.20909091
Indirect attack,0,10,25,↙ South/West,1,0,90.63636364,140.8181818,2668.454545,2809.272727,28.81818182,6.090909091,3731.545455,2668.454545,33.35568182
Indirect attack,0,10,25,↙ South/West,1,1,94.45454545,164.3636364,2691.090909,2855.454545,31.36363636,8.272727273,3708.909091,2691.090909,33.63863636
Indirect attack,0,10,25,↙ South/West,2,0,88.09090909,143,2592.727273,2735.727273,26.27272727,5.545454545,3807.272727,2592.727273,32.40909091
Indirect attack,0,10,25,↙ South/West,2,1,91.27272727,162.3636364,2604.090909,2766.454545,33,8,3795.909091,2604.090909,32.55113636
Indirect attack,0,10,25,↙ South/West,6,0,100.5454545,141.9090909,2642.090909,2784,26.27272727,6,3757.909091,2642.090909,33.02613636
Indirect attack,0,10,25,↙ South/West,6,1,102.1818182,169.1818182,2693.727273,2862.909091,32.09090909,8.727272727,3706.272727,2693.727273,33.67159091
Indirect attack,0,10,30,↖ North/West,1,0,99,138.4545455,2727.909091,2866.363636,30.90909091,5.818181818,3672.090909,2727.909091,34.09886364
Indirect attack,0,10,30,↖ North/West,1,1,85.63636364,156.3636364,2312.909091,2469.272727,26.63636364,6.636363636,4087.090909,2312.909091,28.91136364
Indirect attack,0,10,30,↖ North/West,2,0,87.90909091,147.3636364,2529.181818,2676.545455,26.09090909,6,3870.818182,2529.181818,31.61477273
Indirect attack,0,10,30,↖ North/West,2,1,83.45454545,154.5454545,2492.545455,2647.090909,29.72727273,7.454545455,3907.454545,2492.545455,31.15681818
Indirect attack,0,10,30,↖ North/West,6,0,97.09090909,144.6363636,2736.818182,2881.454545,31,6,3663.181818,2736.818182,34.21022727
Indirect attack,0,10,30,↖ North/West,6,1,91.45454545,152.3636364,2449.636364,2602,27.27272727,7.363636364,3950.363636,2449.636364,30.62045455
Indirect attack,0,10,30,↗ North/East,1,0,97.27272727,148.4545455,2533,2681.454545,28.81818182,6.272727273,3867,2533,31.6625
Indirect attack,0,10,30,↗ North/East,1,1,90.36363636,163.0909091,2398.363636,2561.454545,31.45454545,7.727272727,4001.636364,2398.363636,29.97954545
Indirect attack,0,10,30,↗ North/East,2,0,81.45454545,133.2727273,2222.454545,2355.727273,27.90909091,6.090909091,4177.545455,2222.454545,27.78068182
Indirect attack,0,10,30,↗ North/East,2,1,91.54545455,163.1818182,2487.727273,2650.909091,31.18181818,7.909090909,3912.272727,2487.727273,31.09659091
Indirect attack,0,10,30,↗ North/East,6,0,87.36363636,142.3636364,2266.909091,2409.272727,26.27272727,6,4133.090909,2266.909091,28.33636364
Indirect attack,0,10,30,↗ North/East,6,1,82.18181818,146.3636364,2252.545455,2398.909091,31.63636364,7.454545455,4147.454545,2252.545455,28.15681818
Indirect attack,0,10,30,↘ South/East,1,0,88.72727273,134.9090909,2343.727273,2478.636364,26.09090909,5.727272727,4056.272727,2343.727273,29.29659091
Indirect attack,0,10,30,↘ South/East,1,1,83.27272727,151.2727273,2423.545455,2574.818182,28.63636364,6.818181818,3976.454545,2423.545455,30.29431818
Indirect attack,0,10,30,↘ South/East,2,0,99,151.3636364,2565.272727,2716.636364,27.27272727,5.636363636,3834.727273,2565.272727,32.06590909
Indirect attack,0,10,30,↘ South/East,2,1,89.18181818,157,2408.272727,2565.272727,28.18181818,7.545454545,3991.727273,2408.272727,30.10340909
Indirect attack,0,10,30,↘ South/East,6,0,94.45454545,139.4545455,2576.272727,2715.727273,28.09090909,6.363636364,3823.727273,2576.272727,32.20340909
Indirect attack,0,10,30,↘ South/East,6,1,81.27272727,149.1818182,2397.727273,2546.909091,29.54545455,6.545454545,4002.272727,2397.727273,29.97159091
Indirect attack,0,10,30,↙ South/West,1,0,97.45454545,147.3636364,2801.181818,2948.545455,28.36363636,5.363636364,3598.818182,2801.181818,35.01477273
Indirect attack,0,10,30,↙ South/West,1,1,95.90909091,162.2727273,2573.272727,2735.545455,29.45454545,7.636363636,3826.727273,2573.272727,32.16590909
Indirect attack,0,10,30,↙ South/West,2,0,91.36363636,141.8181818,2523.727273,2665.545455,28.72727273,5.636363636,3876.272727,2523.727273,31.54659091
Indirect attack,0,10,30,↙ South/West,2,1,97.54545455,160.9090909,2638,2798.909091,30.18181818,6.818181818,3762,2638,32.975
Indirect attack,0,10,30,↙ South/West,6,0,97.90909091,140.3636364,2599,2739.363636,29.27272727,5.727272727,3801,2599,32.4875
Indirect attack,0,10,30,↙ South/West,6,1,86,162,2481.909091,2643.909091,32,7.727272727,3918.090909,2481.909091,31.02386364
Indirect attack,0,30,15,↖ North/West,1,0,85.36363636,167.9090909,2018.818182,2186.727273,27.36363636,14.36363636,4381.181818,2018.818182,25.23522727
Indirect attack,0,30,15,↖ North/West,1,1,91.90909091,160.7272727,2364.272727,2525,26.09090909,13.81818182,4035.727273,2364.272727,29.55340909
Indirect attack,0,30,15,↖ North/West,2,0,91.09090909,164.2727273,2083.545455,2247.818182,26.09090909,12.63636364,4316.454545,2083.545455,26.04431818
Indirect attack,0,30,15,↖ North/West,2,1,86.18181818,162.6363636,2100.363636,2263,26.18181818,14.81818182,4299.636364,2100.363636,26.25454545
Indirect attack,0,30,15,↖ North/West,6,0,88.63636364,172.5454545,2101.363636,2273.909091,27.45454545,12.45454545,4298.636364,2101.363636,26.26704545
Indirect attack,0,30,15,↖ North/West,6,1,78.36363636,160.6363636,2081.909091,2242.545455,27.54545455,14.45454545,4318.090909,2081.909091,26.02386364
Indirect attack,0,30,15,↗ North/East,1,0,85.54545455,177,2066.181818,2243.181818,26.45454545,13.27272727,4333.818182,2066.181818,25.82727273
Indirect attack,0,30,15,↗ North/East,1,1,81.54545455,153.3636364,2185,2338.363636,26,15.54545455,4215,2185,27.3125
Indirect attack,0,30,15,↗ North/East,2,0,95.90909091,172.5454545,1966.181818,2138.727273,24.72727273,13.81818182,4432.636364,1967.363636,24.59204545
Indirect attack,0,30,15,↗ North/East,2,1,90.18181818,160.4545455,2222.181818,2382.636364,25.54545455,15.36363636,4177.818182,2222.181818,27.77727273
Indirect attack,0,30,15,↗ North/East,6,0,86.18181818,166.7272727,2048.909091,2215.636364,28.63636364,13.36363636,4351.090909,2048.909091,25.61136364
Indirect attack,0,30,15,↗ North/East,6,1,95.72727273,165.0909091,2232.727273,2397.818182,27.81818182,15.27272727,4167.272727,2232.727273,27.90909091
Indirect attack,0,30,15,↘ South/East,1,0,88.27272727,171.8181818,1994.272727,2166.090909,26.36363636,13.45454545,4405.727273,1994.272727,24.92840909
Indirect attack,0,30,15,↘ South/East,1,1,88.54545455,149.6363636,2253.181818,2402.818182,28.45454545,14.09090909,4146.818182,2253.181818,28.16477273
Indirect attack,0,30,15,↘ South/East,2,0,94.27272727,176.0909091,2093.181818,2269.272727,25.18181818,13.27272727,4306.818182,2093.181818,26.16477273
Indirect attack,0,30,15,↘ South/East,2,1,85.36363636,160,2065.727273,2225.727273,25.72727273,14.63636364,4334.272727,2065.727273,25.82159091
Indirect attack,0,30,15,↘ South/East,6,0,95.54545455,174.2727273,2096.181818,2270.454545,25.63636364,13,4303.818182,2096.181818,26.20227273
Indirect attack,0,30,15,↘ South/East,6,1,89.81818182,159.5454545,2081.454545,2241,26.18181818,15.45454545,4318.545455,2081.454545,26.01818182
Indirect attack,0,30,15,↙ South/West,1,0,83.18181818,164.0909091,2081.363636,2245.454545,26.18181818,13.27272727,4318.636364,2081.363636,26.01704545
Indirect attack,0,30,15,↙ South/West,1,1,101.3636364,164.9090909,2475.454545,2640.363636,30.54545455,15,3924.545455,2475.454545,30.94318182
Indirect attack,0,30,15,↙ South/West,2,0,83.63636364,174.2727273,1959.454545,2133.727273,25.18181818,13.81818182,4440.545455,1959.454545,24.49318182
Indirect attack,0,30,15,↙ South/West,2,1,89,167.5454545,2182.727273,2350.272727,28.45454545,14.72727273,4217.272727,2182.727273,27.28409091
Indirect attack,0,30,15,↙ South/West,6,0,83.09090909,179.3636364,1980.272727,2159.636364,24.72727273,14.45454545,4419.727273,1980.272727,24.75340909
Indirect attack,0,30,15,↙ South/West,6,1,89.45454545,157.3636364,2406.636364,2564,27.27272727,15,3993.363636,2406.636364,30.08295455
Indirect attack,0,30,20,↖ North/West,1,0,84,171,1974.090909,2145.090909,25.36363636,13.54545455,4425.909091,1974.090909,24.67613636
Indirect attack,0,30,20,↖ North/West,1,1,81.45454545,193.8181818,1726.090909,1919.909091,27.18181818,20.90909091,4666.454545,1733.545455,21.66931818
Indirect attack,0,30,20,↖ North/West,2,0,93.81818182,171.5454545,2242.727273,2414.272727,26.09090909,13.81818182,4157.272727,2242.727273,28.03409091
Indirect attack,0,30,20,↖ North/West,2,1,83.27272727,189.8181818,1668.636364,1858.454545,27.72727273,19.27272727,4727.818182,1672.181818,20.90227273
Indirect attack,0,30,20,↖ North/West,6,0,88.27272727,171.2727273,2262.727273,2434,26.81818182,14.27272727,4137.272727,2262.727273,28.28409091
Indirect attack,0,30,20,↖ North/West,6,1,75.09090909,172.0909091,1589.181818,1761.272727,28.27272727,19.81818182,4810.181818,1589.818182,19.87272727
Indirect attack,0,30,20,↗ North/East,1,0,85.09090909,170,2111.363636,2281.363636,25.36363636,14,4288.636364,2111.363636,26.39204545
Indirect attack,0,30,20,↗ North/East,1,1,86.90909091,191.0909091,1722.818182,1913.909091,28.18181818,20,4675.454545,1724.545455,21.55681818
Indirect attack,0,30,20,↗ North/East,2,0,92.27272727,173.3636364,2280.545455,2453.909091,27.45454545,13.27272727,4119.454545,2280.545455,28.50681818
Indirect attack,0,30,20,↗ North/East,2,1,75.09090909,192.8181818,1491.272727,1684.090909,26.63636364,19.72727273,4903,1497,18.7125
Indirect attack,0,30,20,↗ North/East,6,0,87.81818182,173.1818182,2091.818182,2265,25.72727273,13.63636364,4308.181818,2091.818182,26.14772727
Indirect attack,0,30,20,↗ North/East,6,1,79.81818182,191.8181818,1731.545455,1923.363636,28.54545455,19.54545455,4663.636364,1736.363636,21.70454545
Indirect attack,0,30,20,↘ South/East,1,0,91.09090909,179.2727273,2086.090909,2265.363636,25.18181818,14.18181818,4312.636364,2087.363636,26.09204545
Indirect attack,0,30,20,↘ South/East,1,1,80.45454545,200.1818182,1605.909091,1806.090909,27.27272727,20.54545455,4786.363636,1613.636364,20.17045455
Indirect attack,0,30,20,↘ South/East,2,0,85.36363636,177,1879.818182,2056.818182,24.72727273,14.18181818,4518.909091,1881.090909,23.51363636
Indirect attack,0,30,20,↘ South/East,2,1,85.36363636,189.0909091,1870,2059.090909,28.63636364,19.54545455,4529.272727,1870.727273,23.38409091
Indirect attack,0,30,20,↘ South/East,6,0,89,176.5454545,2091.181818,2267.727273,26.54545455,14.45454545,4308.818182,2091.181818,26.13977273
Indirect attack,0,30,20,↘ South/East,6,1,84.63636364,185.8181818,1792,1977.818182,26.45454545,19.18181818,4606.363636,1793.636364,22.42045455
Indirect attack,0,30,20,↙ South/West,1,0,102.6363636,174.7272727,2196.272727,2371,26.09090909,13.81818182,4203.727273,2196.272727,27.45340909
Indirect attack,0,30,20,↙ South/West,1,1,84.81818182,188.5454545,1817.181818,2005.727273,26.63636364,20.09090909,4579.636364,1820.363636,22.75454545
Indirect attack,0,30,20,↙ South/West,2,0,92.63636364,168.7272727,2218.363636,2387.090909,28.18181818,13.90909091,4181.636364,2218.363636,27.72954545
Indirect attack,0,30,20,↙ South/West,2,1,77.72727273,200.0909091,1554.909091,1755,27.81818182,20.72727273,4836.454545,1563.545455,19.54431818
Indirect attack,0,30,20,↙ South/West,6,0,76.36363636,174.0909091,2011,2185.090909,25.27272727,13.81818182,4389,2011,25.1375
Indirect attack,0,30,20,↙ South/West,6,1,87,190.9090909,1743.818182,1934.727273,28,19.36363636,4654.363636,1745.636364,21.82045455
Indirect attack,0,30,25,↖ North/West,1,0,85.54545455,165.5454545,2174.818182,2340.363636,25.27272727,12.90909091,4225.181818,2174.818182,27.18522727
Indirect attack,0,30,25,↖ North/West,1,1,91.18181818,177.6363636,2034.818182,2212.454545,26.45454545,17.09090909,4365.181818,2034.818182,25.43522727
Indirect attack,0,30,25,↖ North/West,2,0,95.09090909,170.2727273,2240.727273,2411,28.36363636,12.81818182,4159.272727,2240.727273,28.00909091
Indirect attack,0,30,25,↖ North/West,2,1,95,178,2092.818182,2270.818182,27.63636364,16.63636364,4307.181818,2092.818182,26.16022727
Indirect attack,0,30,25,↖ North/West,6,0,90.36363636,163.8181818,2089.272727,2253.090909,25.81818182,12.81818182,4310.727273,2089.272727,26.11590909
Indirect attack,0,30,25,↖ North/West,6,1,95.72727273,175.9090909,2016.272727,2192.181818,28.09090909,16.45454545,4383.727273,2016.272727,25.20340909
Indirect attack,0,30,25,↗ North/East,1,0,85.54545455,156.0909091,1842.181818,1998.272727,24,13.54545455,4557.818182,1842.181818,23.02727273
Indirect attack,0,30,25,↗ North/East,1,1,83.90909091,175.6363636,2001,2176.636364,27.72727273,15.81818182,4399,2001,25.0125
Indirect attack,0,30,25,↗ North/East,2,0,85.18181818,164.4545455,2230.181818,2394.636364,24.18181818,12.36363636,4169.818182,2230.181818,27.87727273
Indirect attack,0,30,25,↗ North/East,2,1,88.18181818,183.2727273,1909.727273,2093,27.72727273,16.09090909,4490.272727,1909.727273,23.87159091
Indirect attack,0,30,25,↗ North/East,6,0,92.54545455,161.3636364,2182.181818,2343.545455,29.18181818,12.09090909,4217.818182,2182.181818,27.27727273
Indirect attack,0,30,25,↗ North/East,6,1,81.45454545,171.5454545,1933.909091,2105.454545,26.54545455,16.81818182,4466.090909,1933.909091,24.17386364
Indirect attack,0,30,25,↘ South/East,1,0,81.90909091,164.6363636,2004.181818,2168.818182,26.90909091,12.90909091,4395.818182,2004.181818,25.05227273
Indirect attack,0,30,25,↘ South/East,1,1,81.54545455,174,1976.636364,2150.636364,26.54545455,17.81818182,4423.363636,1976.636364,24.70795455
Indirect attack,0,30,25,↘ South/East,2,0,94.45454545,157.8181818,2280.272727,2438.090909,25.90909091,12,4119.727273,2280.272727,28.50340909
Indirect attack,0,30,25,↘ South/East,2,1,90.09090909,176.3636364,2151.090909,2327.454545,26.09090909,17,4248.909091,2151.090909,26.88863636
Indirect attack,0,30,25,↘ South/East,6,0,94.63636364,167.8181818,2256.818182,2424.636364,27.54545455,12.54545455,4143.181818,2256.818182,28.21022727
Indirect attack,0,30,25,↘ South/East,6,1,84.72727273,177,1992.818182,2169.818182,25.90909091,16.81818182,4407.181818,1992.818182,24.91022727
Indirect attack,0,30,25,↙ South/West,1,0,91.18181818,169.1818182,2281.727273,2450.909091,24.81818182,12.90909091,4118.272727,2281.727273,28.52159091
Indirect attack,0,30,25,↙ South/West,1,1,93.45454545,177.4545455,1994,2171.454545,24.90909091,16.72727273,4406,1994,24.925
Indirect attack,0,30,25,↙ South/West,2,0,92.45454545,175,2171.272727,2346.272727,25.45454545,12.72727273,4228.727273,2171.272727,27.14090909
Indirect attack,0,30,25,↙ South/West,2,1,84.63636364,181.0909091,1957.272727,2138.363636,27.54545455,15.09090909,4442.727273,1957.272727,24.46590909
Indirect attack,0,30,25,↙ South/West,6,0,99.45454545,161.8181818,2318.636364,2480.454545,25.54545455,12.81818182,4081.363636,2318.636364,28.98295455
Indirect attack,0,30,25,↙ South/West,6,1,88,177,2018,2195,27.45454545,16.36363636,4382,2018,25.225
Indirect attack,0,30,30,↖ North/West,1,0,85.54545455,150.3636364,2115.636364,2266,25.81818182,11.90909091,4284.363636,2115.636364,26.44545455
Indirect attack,0,30,30,↖ North/West,1,1,82.81818182,153.3636364,2094,2247.363636,26.36363636,13.54545455,4306,2094,26.175
Indirect attack,0,30,30,↖ North/West,2,0,85.72727273,158,2178.272727,2336.272727,26.90909091,11.27272727,4221.727273,2178.272727,27.22840909
Indirect attack,0,30,30,↖ North/West,2,1,90.63636364,164,2211.909091,2375.909091,26.54545455,13.90909091,4188.090909,2211.909091,27.64886364
Indirect attack,0,30,30,↖ North/West,6,0,98.36363636,158.1818182,2564,2722.181818,27.45454545,12,3836,2564,32.05
Indirect attack,0,30,30,↖ North/West,6,1,93.45454545,161,2193,2354,27.45454545,14.09090909,4207,2193,27.4125
Indirect attack,0,30,30,↗ North/East,1,0,66.45454545,140.1818182,1619.727273,1759.909091,23.81818182,12.63636364,4780.272727,1619.727273,20.24659091
Indirect attack,0,30,30,↗ North/East,1,1,91.90909091,165.8181818,2181.272727,2347.090909,25.63636364,13.36363636,4218.727273,2181.272727,27.26590909
Indirect attack,0,30,30,↗ North/East,2,0,90.81818182,158.1818182,2237.181818,2395.363636,24.90909091,12.36363636,4162.818182,2237.181818,27.96477273
Indirect attack,0,30,30,↗ North/East,2,1,88.45454545,158.9090909,2338,2496.909091,28.81818182,14.45454545,4062,2338,29.225
Indirect attack,0,30,30,↗ North/East,6,0,86.27272727,147.4545455,2109.363636,2256.818182,24.54545455,12.27272727,4290.636364,2109.363636,26.36704545
Indirect attack,0,30,30,↗ North/East,6,1,97.72727273,153.8181818,2515,2668.818182,28.45454545,13.54545455,3885,2515,31.4375
Indirect attack,0,30,30,↘ South/East,1,0,101.4545455,161.4545455,2376.818182,2538.272727,28.54545455,12.81818182,4023.181818,2376.818182,29.71022727
Indirect attack,0,30,30,↘ South/East,1,1,91.72727273,157.5454545,2192.818182,2350.363636,26.90909091,13.36363636,4207.181818,2192.818182,27.41022727
Indirect attack,0,30,30,↘ South/East,2,0,92.09090909,158.4545455,2369.545455,2528,26.18181818,12.63636364,4030.454545,2369.545455,29.61931818
Indirect attack,0,30,30,↘ South/East,2,1,80.09090909,149.0909091,1928.818182,2077.909091,24,13.63636364,4471.181818,1928.818182,24.11022727
Indirect attack,0,30,30,↘ South/East,6,0,87.36363636,154.6363636,2172.272727,2326.909091,25.36363636,12.18181818,4227.727273,2172.272727,27.15340909
Indirect attack,0,30,30,↘ South/East,6,1,90.45454545,163.0909091,2224,2387.090909,29.54545455,13.72727273,4176,2224,27.8
Indirect attack,0,30,30,↙ South/West,1,0,94.54545455,163.9090909,2411.636364,2575.545455,28.72727273,11.81818182,3988.363636,2411.636364,30.14545455
Indirect attack,0,30,30,↙ South/West,1,1,95,160.5454545,2059,2219.545455,23.54545455,13.72727273,4341,2059,25.7375
Indirect attack,0,30,30,↙ South/West,2,0,99.81818182,159.4545455,2688.454545,2847.909091,27.72727273,12,3711.545455,2688.454545,33.60568182
Indirect attack,0,30,30,↙ South/West,2,1,85.27272727,159.6363636,2083,2242.636364,26.72727273,13.27272727,4317,2083,26.0375
Indirect attack,0,30,30,↙ South/West,6,0,93.81818182,159.0909091,2370.363636,2529.454545,27.36363636,12.18181818,4029.636364,2370.363636,29.62954545
Indirect attack,0,30,30,↙ South/West,6,1,87.81818182,164.2727273,2160.636364,2324.909091,26.81818182,13.45454545,4239.363636,2160.636364,27.00795455
Indirect attack,0,50,15,↖ North/West,1,0,78.81818182,191.9090909,1887.181818,2079.090909,26.81818182,21.09090909,4504.272727,1895.727273,23.69659091
Indirect attack,0,50,15,↖ North/West,1,1,87.72727273,177.0909091,2135.727273,2312.818182,29.54545455,21.18181818,4264.272727,2135.727273,26.69659091
Indirect attack,0,50,15,↖ North/West,2,0,100.6363636,181,1935.636364,2116.636364,27.36363636,19.54545455,4464.272727,1935.727273,24.19659091
Indirect attack,0,50,15,↖ North/West,2,1,83.63636364,174.3636364,1997.636364,2172,29.81818182,21.09090909,4402.363636,1997.636364,24.97045455
Indirect attack,0,50,15,↖ North/West,6,0,75.09090909,184.3636364,1638.545455,1822.909091,27.36363636,20.27272727,4757.272727,1642.727273,20.53409091
Indirect attack,0,50,15,↖ North/West,6,1,87.81818182,168.4545455,2197,2365.454545,30.63636364,20.45454545,4203,2197,27.4625
Indirect attack,0,50,15,↗ North/East,1,0,87.72727273,178.1818182,1941.454545,2119.636364,26.63636364,18.63636364,4458.545455,1941.454545,24.26818182
Indirect attack,0,50,15,↗ North/East,1,1,86.18181818,174.1818182,2129.454545,2303.636364,28.36363636,21.27272727,4270.545455,2129.454545,26.61818182
Indirect attack,0,50,15,↗ North/East,2,0,86.63636364,184.6363636,1849.090909,2033.727273,26.27272727,19.45454545,4550.909091,1849.090909,23.11363636
Indirect attack,0,50,15,↗ North/East,2,1,80.45454545,176.6363636,1897.090909,2073.727273,29.72727273,22.36363636,4502.909091,1897.090909,23.71363636
Indirect attack,0,50,15,↗ North/East,6,0,92.81818182,177.6363636,1990.909091,2168.545455,30,18.81818182,4409.090909,1990.909091,24.88636364
Indirect attack,0,50,15,↗ North/East,6,1,86,176.1818182,2133.363636,2309.545455,30.81818182,20.36363636,4266.636364,2133.363636,26.66704545
Indirect attack,0,50,15,↘ South/East,1,0,86.18181818,179.8181818,1780.272727,1960.090909,26.90909091,20.09090909,4619.727273,1780.272727,22.25340909
Indirect attack,0,50,15,↘ South/East,1,1,88.63636364,174.3636364,2142.727273,2317.090909,28.36363636,19.54545455,4257.272727,2142.727273,26.78409091
Indirect attack,0,50,15,↘ South/East,2,0,80.81818182,183.2727273,1730.181818,1913.454545,27.63636364,20.45454545,4669.181818,1730.818182,21.63522727
Indirect attack,0,50,15,↘ South/East,2,1,82.36363636,172.1818182,2063.545455,2235.727273,29.18181818,20.36363636,4336.454545,2063.545455,25.79431818
Indirect attack,0,50,15,↘ South/East,6,0,77.27272727,181.5454545,1731.454545,1913,26.27272727,18.63636364,4668.545455,1731.454545,21.64318182
Indirect attack,0,50,15,↘ South/East,6,1,87.27272727,175.9090909,1853.727273,2029.636364,26.72727273,20.36363636,4546.272727,1853.727273,23.17159091
Indirect attack,0,50,15,↙ South/West,1,0,83,177.4545455,1921.545455,2099,28.72727273,20.18181818,4478.454545,1921.545455,24.01931818
Indirect attack,0,50,15,↙ South/West,1,1,87.18181818,175.3636364,2425.363636,2600.727273,32.90909091,21.63636364,3974.636364,2425.363636,30.31704545
Indirect attack,0,50,15,↙ South/West,2,0,99.81818182,181.5454545,1932.818182,2114.363636,25.90909091,18.90909091,4467.181818,1932.818182,24.16022727
Indirect attack,0,50,15,↙ South/West,2,1,97.54545455,176.2727273,2174,2350.272727,32.54545455,21.09090909,4226,2174,27.175
Indirect attack,0,50,15,↙ South/West,6,0,83.72727273,187,1740.272727,1927.272727,27,19.54545455,4657.272727,1742.727273,21.78409091
Indirect attack,0,50,15,↙ South/West,6,1,91.09090909,178.6363636,2141,2319.636364,29.63636364,21.27272727,4259,2141,26.7625
Indirect attack,0,50,20,↖ North/West,1,0,83.36363636,177.3636364,1858.909091,2036.272727,25.63636364,20.36363636,4541.090909,1858.909091,23.23636364
Indirect attack,0,50,20,↖ North/West,1,1,84.63636364,195.0909091,1741.090909,1936.181818,34,29,4655.181818,1744.818182,21.81022727
Indirect attack,0,50,20,↖ North/West,2,0,97.18181818,186.5454545,2055.454545,2242,27.81818182,20.36363636,4340.727273,2059.272727,25.74090909
Indirect attack,0,50,20,↖ North/West,2,1,93.36363636,192.8181818,1893.454545,2086.272727,32.90909091,28.18181818,4501.090909,1898.909091,23.73636364
Indirect attack,0,50,20,↖ North/West,6,0,91.72727273,185.6363636,1836.818182,2022.454545,26.72727273,19.27272727,4560.181818,1839.818182,22.99772727
Indirect attack,0,50,20,↖ North/West,6,1,84.27272727,190,1676.727273,1866.727273,33.36363636,28.27272727,4721.818182,1678.181818,20.97727273
Indirect attack,0,50,20,↗ North/East,1,0,87.81818182,185.6363636,1904.454545,2090.090909,27.36363636,20.45454545,4494.545455,1905.454545,23.81818182
Indirect attack,0,50,20,↗ North/East,1,1,99.72727273,188.9090909,1818.909091,2007.818182,34.63636364,28.54545455,4581.090909,1818.909091,22.73636364
Indirect attack,0,50,20,↗ North/East,2,0,97.81818182,184.3636364,1883.363636,2067.727273,26.72727273,20,4514,1886,23.575
Indirect attack,0,50,20,↗ North/East,2,1,76.45454545,236.0909091,1450.818182,1686.909091,33.45454545,31.36363636,4917.727273,1482.272727,18.52840909
Indirect attack,0,50,20,↗ North/East,6,0,82.81818182,174.8181818,1773.909091,1948.727273,26.72727273,19.81818182,4626.090909,1773.909091,22.17386364
Indirect attack,0,50,20,↗ North/East,6,1,82.18181818,203.8181818,1711,1914.818182,34.63636364,29.18181818,4678.090909,1721.909091,21.52386364
Indirect attack,0,50,20,↘ South/East,1,0,92.81818182,179,1865.909091,2044.909091,25.63636364,18.36363636,4534.090909,1865.909091,23.32386364
Indirect attack,0,50,20,↘ South/East,1,1,70.63636364,188.3636364,1391.454545,1579.818182,33.90909091,27.45454545,5005.909091,1394.090909,17.42613636
Indirect attack,0,50,20,↘ South/East,2,0,83.36363636,177.5454545,2019.727273,2197.272727,26.45454545,19.18181818,4380.272727,2019.727273,25.24659091
Indirect attack,0,50,20,↘ South/East,2,1,93.45454545,192.5454545,1829.272727,2021.818182,33.18181818,29.18181818,4570.727273,1829.272727,22.86590909
Indirect attack,0,50,20,↘ South/East,6,0,86.81818182,177,1779.363636,1956.363636,25.54545455,18.81818182,4620.636364,1779.363636,22.24204545
Indirect attack,0,50,20,↘ South/East,6,1,88.90909091,194.6363636,1867.090909,2061.727273,34.63636364,29.63636364,4527.909091,1872.090909,23.40113636
Indirect attack,0,50,20,↙ South/West,1,0,95.72727273,187,1807.090909,1994.090909,25.27272727,18.81818182,4591.727273,1808.272727,22.60340909
Indirect attack,0,50,20,↙ South/West,1,1,67.09090909,205.6363636,1210.727273,1416.363636,34.45454545,30.90909091,5179.363636,1220.636364,15.25795455
Indirect attack,0,50,20,↙ South/West,2,0,93,185.1818182,1846.727273,2031.909091,27.54545455,21.90909091,4548.727273,1851.272727,23.14090909
Indirect attack,0,50,20,↙ South/West,2,1,83.18181818,205.6363636,1683.454545,1889.090909,35.45454545,30.36363636,4705.090909,1694.909091,21.18636364
Indirect attack,0,50,20,↙ South/West,6,0,86.27272727,187.0909091,1851.727273,2038.818182,25.36363636,19.45454545,4545.909091,1854.090909,23.17613636
Indirect attack,0,50,20,↙ South/West,6,1,83.81818182,199.7272727,1848.272727,2048,33.81818182,28.90909091,4543.363636,1856.636364,23.20795455
Indirect attack,0,50,25,↖ North/West,1,0,83.27272727,172,2235.727273,2407.727273,26.27272727,18,4164.272727,2235.727273,27.94659091
Indirect attack,0,50,25,↖ North/West,1,1,81.45454545,192.7272727,1744.636364,1937.363636,30.72727273,27.90909091,4649.272727,1750.727273,21.88409091
Indirect attack,0,50,25,↖ North/West,2,0,100.8181818,174.6363636,2224,2398.636364,26,17,4176,2224,27.8
Indirect attack,0,50,25,↖ North/West,2,1,79.18181818,190.3636364,1680.090909,1870.454545,29.54545455,24.09090909,4718.363636,1681.636364,21.02045455
Indirect attack,0,50,25,↖ North/West,6,0,92.72727273,182.1818182,1838.272727,2020.454545,24.45454545,18.09090909,4559.272727,1840.727273,23.00909091
Indirect attack,0,50,25,↖ North/West,6,1,92.81818182,188.5454545,1915,2103.545455,29.72727273,24.09090909,4485,1915,23.9375
Indirect attack,0,50,25,↗ North/East,1,0,92.81818182,174.7272727,2018.090909,2192.818182,26.36363636,17,4381.909091,2018.090909,25.22613636
Indirect attack,0,50,25,↗ North/East,1,1,79,191.5454545,1847.727273,2039.272727,29.81818182,24.45454545,4547.363636,1852.636364,23.15795455
Indirect attack,0,50,25,↗ North/East,2,0,77.09090909,170.5454545,1728.090909,1898.636364,26,18.09090909,4671.909091,1728.090909,21.60113636
Indirect attack,0,50,25,↗ North/East,2,1,84.18181818,185.2727273,1863,2048.272727,30.36363636,24.81818182,4537,1863,23.2875
Indirect attack,0,50,25,↗ North/East,6,0,90.45454545,174.6363636,2017.636364,2192.272727,27.45454545,17.36363636,4382.363636,2017.636364,25.22045455
Indirect attack,0,50,25,↗ North/East,6,1,83.36363636,188.2727273,1785.090909,1973.363636,30.18181818,23.54545455,4613.272727,1786.727273,22.33409091
Indirect attack,0,50,25,↘ South/East,1,0,83.90909091,178.3636364,1832.909091,2011.272727,27.54545455,18,4566.090909,1833.909091,22.92386364
Indirect attack,0,50,25,↘ South/East,1,1,96.63636364,185.5454545,2160.363636,2345.909091,31.90909091,24.54545455,4239.636364,2160.363636,27.00454545
Indirect attack,0,50,25,↘ South/East,2,0,89.09090909,179.4545455,1871.272727,2050.727273,25.54545455,18.81818182,4528.727273,1871.272727,23.39090909
Indirect attack,0,50,25,↘ South/East,2,1,82.36363636,187.0909091,1794.727273,1981.818182,30.63636364,24.81818182,4603.909091,1796.090909,22.45113636
Indirect attack,0,50,25,↘ South/East,6,0,81.54545455,177.4545455,1882.272727,2059.727273,26.45454545,19.36363636,4517.727273,1882.272727,23.52840909
Indirect attack,0,50,25,↘ South/East,6,1,92.27272727,188.3636364,2206,2394.363636,31.72727273,24.63636364,4192.363636,2207.636364,27.59545455
Indirect attack,0,50,25,↙ South/West,1,0,87.81818182,170,2228.363636,2398.363636,25.90909091,17.90909091,4171.636364,2228.363636,27.85454545
Indirect attack,0,50,25,↙ South/West,1,1,87.81818182,185.9090909,1813.090909,1999,31.36363636,24,4586.909091,1813.090909,22.66363636
Indirect attack,0,50,25,↙ South/West,2,0,85.72727273,179.9090909,1935.181818,2115.090909,27.36363636,18.72727273,4462.090909,1937.909091,24.22386364
Indirect attack,0,50,25,↙ South/West,2,1,95.36363636,185.0909091,2027.818182,2212.909091,29.81818182,22.54545455,4372.181818,2027.818182,25.34772727
Indirect attack,0,50,25,↙ South/West,6,0,86.90909091,176.1818182,1764.181818,1940.363636,24.45454545,16.90909091,4634.818182,1765.181818,22.06477273
Indirect attack,0,50,25,↙ South/West,6,1,90,189.2727273,2053.727273,2243,30.72727273,23.72727273,4345.454545,2054.545455,25.68181818
Indirect attack,0,50,30,↖ North/West,1,0,69.45454545,136.1818182,1484.363636,1620.545455,23.54545455,17.63636364,4915.636364,1484.363636,18.55454545
Indirect attack,0,50,30,↖ North/West,1,1,86.90909091,173.4545455,2170.272727,2343.727273,30,18.90909091,4229.727273,2170.272727,27.12840909
Indirect attack,0,50,30,↖ North/West,2,0,76.36363636,148,1734.272727,1882.272727,24,16.36363636,4665.727273,1734.272727,21.67840909
Indirect attack,0,50,30,↖ North/West,2,1,90.09090909,177.7272727,2110.727273,2288.454545,29.90909091,20.36363636,4289.272727,2110.727273,26.38409091
Indirect attack,0,50,30,↖ North/West,6,0,86.36363636,169.9090909,1884.363636,2054.272727,25.81818182,18.45454545,4515.636364,1884.363636,23.55454545
Indirect attack,0,50,30,↖ North/West,6,1,94.54545455,179.2727273,2177.454545,2356.727273,28.90909091,18.81818182,4222.545455,2177.454545,27.21818182
Indirect attack,0,50,30,↗ North/East,1,0,91.63636364,169.8181818,2101.272727,2271.090909,24.27272727,17.90909091,4298.727273,2101.272727,26.26590909
Indirect attack,0,50,30,↗ North/East,1,1,85.36363636,171.9090909,2082.545455,2254.454545,29.90909091,18.81818182,4317.454545,2082.545455,26.03181818
Indirect attack,0,50,30,↗ North/East,2,0,87.18181818,152.4545455,1901.636364,2054.090909,24.18181818,15.72727273,4498.363636,1901.636364,23.77045455
Indirect attack,0,50,30,↗ North/East,2,1,78.90909091,171.0909091,2116.545455,2287.636364,29.54545455,19.45454545,4283.454545,2116.545455,26.45681818
Indirect attack,0,50,30,↗ North/East,6,0,87.81818182,172.7272727,1924.636364,2097.363636,26,15.90909091,4475.363636,1924.636364,24.05795455
Indirect attack,0,50,30,↗ North/East,6,1,84.36363636,175.3636364,2115.363636,2290.727273,28.36363636,20.18181818,4284.636364,2115.363636,26.44204545
Indirect attack,0,50,30,↘ South/East,1,0,96.81818182,174.7272727,2043,2217.727273,26.09090909,17.81818182,4357,2043,25.5375
Indirect attack,0,50,30,↘ South/East,1,1,86.45454545,173.7272727,2137.454545,2311.181818,28.63636364,19.72727273,4262.545455,2137.454545,26.71818182
Indirect attack,0,50,30,↘ South/East,2,0,71.81818182,154.8181818,1585.181818,1740,23.27272727,17.72727273,4814.818182,1585.181818,19.81477273
Indirect attack,0,50,30,↘ South/East,2,1,81.81818182,172.5454545,2115.545455,2288.090909,27.63636364,19.27272727,4284.454545,2115.545455,26.44431818
Indirect attack,0,50,30,↘ South/East,6,0,92.63636364,171,2142.454545,2313.454545,26.90909091,17.72727273,4257.272727,2142.727273,26.78409091
Indirect attack,0,50,30,↘ South/East,6,1,92.54545455,174.1818182,1941.363636,2115.545455,26.90909091,20.09090909,4458.636364,1941.363636,24.26704545
Indirect attack,0,50,30,↙ South/West,1,0,86.63636364,161.4545455,1930.454545,2091.909091,25.36363636,18.09090909,4469.545455,1930.454545,24.13068182
Indirect attack,0,50,30,↙ South/West,1,1,91.63636364,176.7272727,2115.181818,2291.909091,27.09090909,19.90909091,4284.818182,2115.181818,26.43977273
Indirect attack,0,50,30,↙ South/West,2,0,97.81818182,159.6363636,2195.363636,2355,26.18181818,18.81818182,4204.636364,2195.363636,27.44204545
Indirect attack,0,50,30,↙ South/West,2,1,90.18181818,177.5454545,2207.636364,2385.181818,30.90909091,19.90909091,4192.363636,2207.636364,27.59545455
Indirect attack,0,50,30,↙ South/West,6,0,95,170.8181818,2136.727273,2307.545455,25.81818182,16.36363636,4263.272727,2136.727273,26.70909091
Indirect attack,0,50,30,↙ South/West,6,1,91.72727273,174.3636364,2216,2390.363636,29.54545455,20.63636364,4184,2216,27.7
Indirect attack,1,10,15,↖ North/West,1,0,107.1818182,95.81818182,2879.272727,3075.090909,22.45454545,6.181818182,3471.636364,2928.363636,36.60454545
Indirect attack,1,10,15,↖ North/West,1,1,78.36363636,95.90909091,1632.636364,1828.545455,19.27272727,6.545454545,4734.090909,1665.909091,20.82386364
Indirect attack,1,10,15,↖ North/West,2,0,73.63636364,85.45454545,1525.818182,1711.272727,19.36363636,5.272727273,4834.545455,1565.454545,19.56818182
Indirect attack,1,10,15,↖ North/West,2,1,80.09090909,101.0909091,2115.909091,2317,23.27272727,5.181818182,4237.636364,2162.363636,27.02954545
Indirect attack,1,10,15,↖ North/West,6,0,90.72727273,82.27272727,1781.727273,1964,20.27272727,5.363636364,4591.909091,1808.090909,22.60113636
Indirect attack,1,10,15,↖ North/West,6,1,115,90.18181818,2805.363636,2995.545455,22.36363636,5.363636364,3557.636364,2842.363636,35.52954545
Indirect attack,1,10,15,↗ North/East,1,0,92,97.54545455,2090.272727,2287.818182,21.63636364,6.181818182,4273.090909,2126.909091,26.58636364
Indirect attack,1,10,15,↗ North/East,1,1,95,121.1818182,2005,2226.181818,18.72727273,5.454545455,4339.090909,2060.909091,25.76136364
Indirect attack,1,10,15,↗ North/East,2,0,96.09090909,78.72727273,2161.727273,2340.454545,19,4.818181818,4205.545455,2194.454545,27.43068182
Indirect attack,1,10,15,↗ North/East,2,1,89.90909091,121,2249.454545,2470.454545,21.63636364,7.363636364,4099.272727,2300.727273,28.75909091
Indirect attack,1,10,15,↗ North/East,6,0,127.8181818,76.90909091,3317.090909,3494,25.81818182,5.363636364,3036.181818,3363.818182,42.04772727
Indirect attack,1,10,15,↗ North/East,6,1,87.18181818,87.72727273,2472,2659.727273,19.54545455,5.454545455,3888,2512,31.4
Indirect attack,1,10,15,↘ South/East,1,0,95.81818182,130.0909091,2395.363636,2625.454545,24,6.545454545,3946.636364,2453.363636,30.66704545
Indirect attack,1,10,15,↘ South/East,1,1,71.90909091,107.0909091,2060,2267.090909,24.27272727,6.545454545,4303.181818,2096.818182,26.21022727
Indirect attack,1,10,15,↘ South/East,2,0,107.4545455,104.4545455,2057.454545,2261.909091,22,5.454545455,4295.545455,2104.454545,26.30568182
Indirect attack,1,10,15,↘ South/East,2,1,104.9090909,120.0909091,2966.090909,3186.181818,19.72727273,5.272727273,3358.272727,3041.727273,38.02159091
Indirect attack,1,10,15,↘ South/East,6,0,101.8181818,88.90909091,2051.909091,2240.818182,18.54545455,5.272727273,4314.181818,2085.818182,26.07272727
Indirect attack,1,10,15,↘ South/East,6,1,111,112.9090909,2897.181818,3110.090909,24.27272727,5.181818182,3461.181818,2938.818182,36.73522727
Indirect attack,1,10,15,↙ South/West,1,0,90.27272727,93.09090909,2018.636364,2211.727273,20.54545455,5.545454545,4347.909091,2052.090909,25.65113636
Indirect attack,1,10,15,↙ South/West,1,1,88,114.9090909,2172.181818,2387.090909,23.18181818,6.181818182,4198.363636,2201.636364,27.52045455
Indirect attack,1,10,15,↙ South/West,2,0,92.81818182,135.7272727,1616.909091,1852.636364,21.90909091,6.090909091,4721.454545,1678.545455,20.98181818
Indirect attack,1,10,15,↙ South/West,2,1,85.09090909,126.6363636,1987.727273,2214.363636,21,6.454545455,4354.090909,2045.909091,25.57386364
Indirect attack,1,10,15,↙ South/West,6,0,111.2727273,71.45454545,3030,3201.454545,25.09090909,4.545454545,3326.181818,3073.818182,38.42272727
Indirect attack,1,10,15,↙ South/West,6,1,113.2727273,86.18181818,2683,2869.181818,22.81818182,5.181818182,3679,2721,34.0125
Indirect attack,1,10,20,↖ North/West,1,0,80.09090909,99.63636364,1317.545455,1517.181818,18.54545455,5.636363636,5057.454545,1342.545455,16.78181818
Indirect attack,1,10,20,↖ North/West,1,1,85.90909091,102.3636364,1712.909091,1915.272727,20.36363636,5.909090909,4651.454545,1748.545455,21.85681818
Indirect attack,1,10,20,↖ North/West,2,0,105.0909091,116.8181818,2911.363636,3128.181818,25,5.727272727,3424.272727,2975.727273,37.19659091
Indirect attack,1,10,20,↖ North/West,2,1,97,168.8181818,2267.272727,2536.090909,24.54545455,7.181818182,4043.090909,2356.909091,29.46136364
Indirect attack,1,10,20,↖ North/West,6,0,117.1818182,78.09090909,3227.090909,3405.181818,23.45454545,4.363636364,3125.181818,3274.818182,40.93522727
Indirect attack,1,10,20,↖ North/West,6,1,105.9090909,66.81818182,2261.090909,2427.909091,21,4.090909091,4109.909091,2290.090909,28.62613636
Indirect attack,1,10,20,↗ North/East,1,0,64.09090909,69.81818182,1429.818182,1599.636364,18,4.818181818,4949.363636,1450.636364,18.13295455
Indirect attack,1,10,20,↗ North/East,1,1,92.18181818,118.6363636,2202.727273,2421.363636,20.27272727,5.545454545,4157.272727,2242.727273,28.03409091
Indirect attack,1,10,20,↗ North/East,2,0,96.90909091,117.9090909,2925.090909,3143,27.27272727,5.818181818,3401.545455,2998.454545,37.48068182
Indirect attack,1,10,20,↗ North/East,2,1,105.4545455,134.9090909,3288.818182,3523.727273,26.27272727,5.727272727,3015,3385,42.3125
Indirect attack,1,10,20,↗ North/East,6,0,79.09090909,78.27272727,2284.272727,2462.545455,19.09090909,4.818181818,4080.181818,2319.818182,28.99772727
Indirect attack,1,10,20,↗ North/East,6,1,88.09090909,66.63636364,1262.909091,1429.545455,16,4.090909091,5122.454545,1277.545455,15.96931818
Indirect attack,1,10,20,↘ South/East,1,0,92.09090909,110.5454545,2823.636364,3034.181818,23.72727273,6.727272727,3522.090909,2877.909091,35.97386364
Indirect attack,1,10,20,↘ South/East,1,1,79.27272727,119.7272727,1657.090909,1876.818182,20.36363636,6,4702.909091,1697.090909,21.21363636
Indirect attack,1,10,20,↘ South/East,2,0,102.9090909,107.2727273,2277.181818,2484.454545,22.36363636,5.181818182,4074.090909,2325.909091,29.07386364
Indirect attack,1,10,20,↘ South/East,2,1,117.8181818,152.1818182,2888.727273,3140.909091,24.36363636,6.272727273,3414.727273,2985.272727,37.31590909
Indirect attack,1,10,20,↘ South/East,6,0,95.81818182,78,2746,2924,20.45454545,4.909090909,3616.454545,2783.545455,34.79431818
Indirect attack,1,10,20,↘ South/East,6,1,102.7272727,81.18181818,3109,3290.181818,22,5.272727273,3236.454545,3163.545455,39.54431818
Indirect attack,1,10,20,↙ South/West,1,0,83.63636364,96.72727273,2176.909091,2373.636364,21.72727273,4.727272727,4184.818182,2215.181818,27.68977273
Indirect attack,1,10,20,↙ South/West,1,1,109,71.27272727,2706.727273,2878,19.90909091,6.272727273,3656,2744,34.3
Indirect attack,1,10,20,↙ South/West,2,0,98.36363636,112,2713.909091,2925.909091,22.81818182,6.545454545,3610.545455,2789.454545,34.86818182
Indirect attack,1,10,20,↙ South/West,2,1,100.3636364,108.1818182,1689,1897.181818,20.27272727,5.363636364,4668.636364,1731.363636,21.64204545
Indirect attack,1,10,20,↙ South/West,6,0,99,84.54545455,2955.818182,3140.363636,24.09090909,4.909090909,3402.727273,2997.272727,37.46590909
Indirect attack,1,10,20,↙ South/West,6,1,81.54545455,78.09090909,1816.272727,1994.363636,20.63636364,4.545454545,4555.363636,1844.636364,23.05795455
Indirect attack,1,10,25,↖ North/West,1,0,94.27272727,82.45454545,1979.090909,2161.545455,16.72727273,5.090909091,4390.727273,2009.272727,25.11590909
Indirect attack,1,10,25,↖ North/West,1,1,106.5454545,139.4545455,2775.181818,3014.636364,23.54545455,5.818181818,3569.818182,2830.181818,35.37727273
Indirect attack,1,10,25,↖ North/West,2,0,92.81818182,96.54545455,2642.454545,2839,22.81818182,5.727272727,3699.363636,2700.636364,33.75795455
Indirect attack,1,10,25,↖ North/West,2,1,107.3636364,137.9090909,2769,3006.909091,25.27272727,5.363636364,3556.454545,2843.545455,35.54431818
Indirect attack,1,10,25,↖ North/West,6,0,93.36363636,55.81818182,1808.090909,1963.909091,17.18181818,4.272727273,4569.545455,1830.454545,22.88068182
Indirect attack,1,10,25,↖ North/West,6,1,103.0909091,71.90909091,3047.363636,3219.272727,22.09090909,4.181818182,3312.181818,3087.818182,38.59772727
Indirect attack,1,10,25,↗ North/East,1,0,97.63636364,78,1739.090909,1917.090909,17.72727273,5.272727273,4634.272727,1765.727273,22.07159091
Indirect attack,1,10,25,↗ North/East,1,1,74.54545455,128.2727273,1310.363636,1538.636364,21.18181818,6.545454545,5046.272727,1353.727273,16.92159091
Indirect attack,1,10,25,↗ North/East,2,0,122.5454545,116.4545455,3054.909091,3271.363636,26.18181818,5.181818182,3275.181818,3124.818182,39.06022727
Indirect attack,1,10,25,↗ North/East,2,1,102.7272727,163.3636364,3285.636364,3549,25.90909091,7.181818182,3006.909091,3393.090909,42.41363636
Indirect attack,1,10,25,↗ North/East,6,0,87.27272727,83.45454545,2086.545455,2270,20.63636364,4.909090909,4276.636364,2123.363636,26.54204545
Indirect attack,1,10,25,↗ North/East,6,1,97.81818182,84.90909091,2472.818182,2657.727273,22.45454545,4.909090909,3894.545455,2505.454545,31.31818182
Indirect attack,1,10,25,↘ South/East,1,0,95.81818182,108.8181818,2861.636364,3070.454545,23.27272727,5.545454545,3477,2923,36.5375
Indirect attack,1,10,25,↘ South/East,1,1,98.63636364,139.3636364,3664.909091,3904.272727,27.54545455,6.181818182,2658.909091,3741.090909,46.76363636
Indirect attack,1,10,25,↘ South/East,2,0,102.4545455,106.0909091,2295.545455,2501.636364,21.81818182,5.545454545,4048.272727,2351.727273,29.39659091
Indirect attack,1,10,25,↘ South/East,2,1,81,82.63636364,1179.636364,1362.272727,18.18181818,4.272727273,5201.090909,1198.909091,14.98636364
Indirect attack,1,10,25,↘ South/East,6,0,111.3636364,89.09090909,2709.818182,2898.909091,24.63636364,4.727272727,3652.727273,2747.272727,34.34090909
Indirect attack,1,10,25,↘ South/East,6,1,93.27272727,73.63636364,1899.818182,2073.454545,20.54545455,4.272727273,4475.363636,1924.636364,24.05795455
Indirect attack,1,10,25,↙ South/West,1,0,85,86.45454545,1617.636364,1804.090909,18.63636364,5.181818182,4761.727273,1638.272727,20.47840909
Indirect attack,1,10,25,↙ South/West,1,1,86.09090909,104.5454545,1720,1924.545455,22.09090909,5.181818182,4657.363636,1742.636364,21.78295455
Indirect attack,1,10,25,↙ South/West,2,0,98.27272727,97.09090909,1922.090909,2119.181818,21,6.454545455,4437.636364,1962.363636,24.52954545
Indirect attack,1,10,25,↙ South/West,2,1,99.54545455,112.9090909,2875.181818,3088.090909,24.18181818,5.636363636,3464.909091,2935.090909,36.68863636
Indirect attack,1,10,25,↙ South/West,6,0,86.36363636,67.81818182,1967.545455,2135.363636,18.72727273,4.545454545,4396,2004,25.05
Indirect attack,1,10,25,↙ South/West,6,1,117.5454545,96,3154.181818,3350.181818,22.45454545,5.090909091,3196.090909,3203.909091,40.04886364
Indirect attack,1,10,30,↖ North/West,1,0,115.9090909,96.54545455,2646.727273,2843.272727,22.54545455,6.090909091,3713.909091,2686.090909,33.57613636
Indirect attack,1,10,30,↖ North/West,1,1,101.5454545,193.7272727,2985,3278.727273,24,8.454545455,3315.545455,3084.454545,38.55568182
Indirect attack,1,10,30,↖ North/West,2,0,109.4545455,98.81818182,2574.727273,2773.545455,23.81818182,5.727272727,3781.727273,2618.272727,32.72840909
Indirect attack,1,10,30,↖ North/West,2,1,84.54545455,132.9090909,1675,1907.909091,18.45454545,4.818181818,4643,1757,21.9625
Indirect attack,1,10,30,↖ North/West,6,0,96.72727273,78.90909091,2883.181818,3062.090909,25.54545455,4.363636364,3472.636364,2927.363636,36.59204545
Indirect attack,1,10,30,↖ North/West,6,1,111.1818182,97.18181818,3159.454545,3356.636364,26.54545455,5.454545455,3195.272727,3204.727273,40.05909091
Indirect attack,1,10,30,↗ North/East,1,0,92.81818182,79.72727273,1861.636364,2041.363636,19.90909091,5.818181818,4508.727273,1891.272727,23.64090909
Indirect attack,1,10,30,↗ North/East,1,1,83.45454545,146.1818182,2308.272727,2554.454545,19.36363636,7.727272727,4009,2391,29.8875
Indirect attack,1,10,30,↗ North/East,2,0,83.45454545,65,1533.090909,1698.090909,19.27272727,4.545454545,4848.454545,1551.545455,19.39431818
Indirect attack,1,10,30,↗ North/East,2,1,82.27272727,99.81818182,2218.727273,2418.545455,23.18181818,5.727272727,4139.909091,2260.090909,28.25113636
Indirect attack,1,10,30,↗ North/East,6,0,121.9090909,71.36363636,2942.454545,3113.818182,22.54545455,4.727272727,3420.363636,2979.636364,37.24545455
Indirect attack,1,10,30,↗ North/East,6,1,110.7272727,87.45454545,2953.727273,3141.181818,22.90909091,4.727272727,3403,2997,37.4625
Indirect attack,1,10,30,↘ South/East,1,0,87.90909091,149,2207.090909,2456.090909,21.27272727,7.090909091,4130.727273,2269.272727,28.36590909
Indirect attack,1,10,30,↘ South/East,1,1,79.45454545,118.8181818,1893.272727,2112.090909,19.27272727,7,4458.454545,1941.545455,24.26931818
Indirect attack,1,10,30,↘ South/East,2,0,122.4545455,102.0909091,3067.727273,3269.818182,23.18181818,4.727272727,3268.909091,3131.090909,39.13863636
Indirect attack,1,10,30,↘ South/East,2,1,112.6363636,74.72727273,2347.090909,2521.818182,20.09090909,5,4024,2376,29.7
Indirect attack,1,10,30,↘ South/East,6,0,102.1818182,73.72727273,1919,2092.727273,18.90909091,4.545454545,4450.545455,1949.454545,24.36818182
Indirect attack,1,10,30,↘ South/East,6,1,107.9090909,83.54545455,2034.454545,2218,19.72727273,5.181818182,4340.545455,2059.454545,25.74318182
Indirect attack,1,10,30,↙ South/West,1,0,75.81818182,96.45454545,1485.909091,1682.363636,20.27272727,5.727272727,4884.909091,1515.090909,18.93863636
Indirect attack,1,10,30,↙ South/West,1,1,92.27272727,130.0909091,2263.727273,2493.818182,20.81818182,5.818181818,4084,2316,28.95
Indirect attack,1,10,30,↙ South/West,2,0,96.63636364,98.36363636,3365.454545,3563.818182,24.63636364,4.818181818,2965.272727,3434.727273,42.93409091
Indirect attack,1,10,30,↙ South/West,2,1,110,141.2727273,2544.454545,2785.727273,23.72727273,6.909090909,3777.727273,2622.272727,32.77840909
Indirect attack,1,10,30,↙ South/West,6,0,119.0909091,72.54545455,3809.181818,3981.727273,26.63636364,4.454545455,2533.363636,3866.636364,48.33295455
Indirect attack,1,10,30,↙ South/West,6,1,83.90909091,92.90909091,2054.818182,2247.727273,18,5.090909091,4314.727273,2085.272727,26.06590909
Indirect attack,1,30,15,↖ North/West,1,0,82.09090909,132.2727273,1865.454545,2097.727273,21.36363636,10,4487,1913,23.9125
Indirect attack,1,30,15,↖ North/West,1,1,80.54545455,125.1818182,1687.272727,1912.454545,22.36363636,11.36363636,4680.545455,1719.454545,21.49318182
Indirect attack,1,30,15,↖ North/West,2,0,97,141.8181818,1959.272727,2201.090909,21.54545455,10.90909091,4397.181818,2002.818182,25.03522727
Indirect attack,1,30,15,↖ North/West,2,1,88.90909091,173.6363636,2152.181818,2425.818182,22.09090909,9.545454545,4155.636364,2244.363636,28.05454545
Indirect attack,1,30,15,↖ North/West,6,0,91.27272727,111.6363636,1659.727273,1871.363636,20.81818182,9.545454545,4709.818182,1690.181818,21.12727273
Indirect attack,1,30,15,↖ North/West,6,1,96.27272727,82.27272727,2998.090909,3180.363636,22.45454545,7.454545455,3356.272727,3043.727273,38.04659091
Indirect attack,1,30,15,↗ North/East,1,0,76.18181818,103.1818182,2017.272727,2220.454545,24.09090909,10.72727273,4346.363636,2053.636364,25.67045455
Indirect attack,1,30,15,↗ North/East,1,1,78.27272727,121.2727273,1937.181818,2158.454545,22.18181818,10.18181818,4423.727273,1976.272727,24.70340909
Indirect attack,1,30,15,↗ North/East,2,0,93.81818182,124.4545455,1746.818182,1971.272727,20.27272727,9.181818182,4604.545455,1795.454545,22.44318182
Indirect attack,1,30,15,↗ North/East,2,1,80.45454545,130.8181818,1858.363636,2089.181818,23.09090909,9.545454545,4506.545455,1893.454545,23.66818182
Indirect attack,1,30,15,↗ North/East,6,0,93.90909091,113.1818182,2038.818182,2252,24.63636364,8.636363636,4319.272727,2080.727273,26.00909091
Indirect attack,1,30,15,↗ North/East,6,1,98.27272727,111.2727273,3131.818182,3343.090909,27.18181818,9,3224.090909,3175.909091,39.69886364
Indirect attack,1,30,15,↘ South/East,1,0,125,128.1818182,3019.272727,3247.454545,25.72727273,10.18181818,3335,3065,38.3125
Indirect attack,1,30,15,↘ South/East,1,1,107.9090909,136.8181818,3163.090909,3399.909091,25.27272727,8.909090909,3179.090909,3220.909091,40.26136364
Indirect attack,1,30,15,↘ South/East,2,0,102.7272727,128.8181818,2775.181818,3004,23.36363636,9,3554.090909,2845.909091,35.57386364
Indirect attack,1,30,15,↘ South/East,2,1,98.72727273,171.4545455,3535.818182,3807.272727,28.63636364,9.545454545,2752.545455,3647.454545,45.59318182
Indirect attack,1,30,15,↘ South/East,6,0,101.0909091,95.45454545,2651.363636,2846.818182,25.63636364,9.181818182,3708.363636,2691.636364,33.64545455
Indirect attack,1,30,15,↘ South/East,6,1,91.81818182,123.1818182,1741.090909,1964.272727,23.18181818,9.545454545,4628.454545,1771.545455,22.14431818
Indirect attack,1,30,15,↙ South/West,1,0,76,146,1366,1612,21.18181818,11.45454545,4992.818182,1407.181818,17.58977273
Indirect attack,1,30,15,↙ South/West,1,1,71,113.0909091,1336.727273,1549.818182,22.09090909,9.363636364,5044,1356,16.95
Indirect attack,1,30,15,↙ South/West,2,0,96.63636364,150.0909091,2236.181818,2486.272727,21.72727273,10.18181818,4099.181818,2300.818182,28.76022727
Indirect attack,1,30,15,↙ South/West,2,1,89.81818182,148.7272727,2233.454545,2482.181818,22.63636364,8.545454545,4101.090909,2298.909091,28.73636364
Indirect attack,1,30,15,↙ South/West,6,0,107.8181818,99.27272727,3329.272727,3528.545455,23.81818182,9.090909091,3026.818182,3373.181818,42.16477273
Indirect attack,1,30,15,↙ South/West,6,1,97.27272727,133.0909091,2311.272727,2544.363636,21.81818182,9,4039.818182,2360.181818,29.50227273
Indirect attack,1,30,20,↖ North/West,1,0,65.81818182,97.09090909,1073.636364,1270.727273,18.54545455,9.272727273,5306.909091,1093.090909,13.66363636
Indirect attack,1,30,20,↖ North/West,1,1,113.9090909,97.09090909,2188.090909,2385.181818,20.90909091,9.727272727,4178.090909,2221.909091,27.77386364
Indirect attack,1,30,20,↖ North/West,2,0,101.9090909,120.8181818,2695.272727,2916.090909,23.72727273,10,3647.545455,2752.454545,34.40568182
Indirect attack,1,30,20,↖ North/West,2,1,89.09090909,109.3636364,2116.181818,2325.545455,21.90909091,7.181818182,4237.454545,2162.545455,27.03181818
Indirect attack,1,30,20,↖ North/West,6,0,97.36363636,119.1818182,2872.545455,3091.727273,25.45454545,10.09090909,3480.363636,2919.636364,36.49545455
Indirect attack,1,30,20,↖ North/West,6,1,69,69.45454545,1093.909091,1263.363636,17.81818182,6.545454545,5287.909091,1112.090909,13.90113636
Indirect attack,1,30,20,↗ North/East,1,0,92.72727273,135.3636364,2070.545455,2305.909091,23.81818182,9.454545455,4285,2115,26.4375
Indirect attack,1,30,20,↗ North/East,1,1,76.09090909,136.5454545,1395.272727,1631.818182,20.90909091,9.818181818,4967.454545,1432.545455,17.90681818
Indirect attack,1,30,20,↗ North/East,2,0,75.09090909,127.7272727,1371.090909,1598.818182,20.63636364,9.909090909,4989,1411,17.6375
Indirect attack,1,30,20,↗ North/East,2,1,102.7272727,154.3636364,3345.181818,3599.545455,25.09090909,8.181818182,2958.363636,3441.636364,43.02045455
Indirect attack,1,30,20,↗ North/East,6,0,101.4545455,94.63636364,1714.181818,1908.818182,21.09090909,9.272727273,4656.727273,1743.272727,21.79090909
Indirect attack,1,30,20,↗ North/East,6,1,107,97.81818182,2653,2850.818182,21.18181818,7.181818182,3703.181818,2696.818182,33.71022727
Indirect attack,1,30,20,↘ South/East,1,0,114.1818182,122,3039.818182,3261.818182,26,10.72727273,3303.181818,3096.818182,38.71022727
Indirect attack,1,30,20,↘ South/East,1,1,78.90909091,100.0909091,1425.272727,1625.363636,18.72727273,9.181818182,4949,1451,18.1375
Indirect attack,1,30,20,↘ South/East,2,0,114,147.2727273,3820.181818,4067.454545,27.27272727,10.18181818,2484,3916,48.95
Indirect attack,1,30,20,↘ South/East,2,1,96.36363636,134.3636364,2161.272727,2395.636364,23.72727273,9.272727273,4191.363636,2208.636364,27.60795455
Indirect attack,1,30,20,↘ South/East,6,0,109.9090909,99.90909091,2981.454545,3181.363636,23.36363636,8.181818182,3368.818182,3031.181818,37.88977273
Indirect attack,1,30,20,↘ South/East,6,1,93.72727273,94.27272727,2096.272727,2290.545455,19.45454545,7.818181818,4278.454545,2121.545455,26.51931818
Indirect attack,1,30,20,↙ South/West,1,0,108.7272727,113.4545455,2879.454545,3092.909091,24,9.727272727,3474.272727,2925.727273,36.57159091
Indirect attack,1,30,20,↙ South/West,1,1,106.5454545,150.9090909,2367.909091,2618.818182,23.45454545,10.45454545,3977.181818,2422.818182,30.28522727
Indirect attack,1,30,20,↙ South/West,2,0,92.72727273,180.0909091,2070.090909,2350.181818,22.63636364,11.18181818,4237,2163,27.0375
Indirect attack,1,30,20,↙ South/West,2,1,87.45454545,124.7272727,1698.363636,1923.090909,19.72727273,9.545454545,4654.363636,1745.636364,21.82045455
Indirect attack,1,30,20,↙ South/West,6,0,118.3636364,99.27272727,2743.181818,2942.454545,22.36363636,8.272727273,3609.090909,2790.909091,34.88636364
Indirect attack,1,30,20,↙ South/West,6,1,94.09090909,123.9090909,1769.727273,1993.636364,20.27272727,8.818181818,4582.272727,1817.727273,22.72159091
Indirect attack,1,30,25,↖ North/West,1,0,96.09090909,101.1818182,1848.181818,2049.363636,21.54545455,8.181818182,4512.181818,1887.818182,23.59772727
Indirect attack,1,30,25,↖ North/West,1,1,97.09090909,166.1818182,2083.181818,2349.363636,22.18181818,9.727272727,4266.818182,2133.181818,26.66477273
Indirect attack,1,30,25,↖ North/West,2,0,114.0909091,102.5454545,2173.090909,2375.636364,18.72727273,8.363636364,4181.636364,2218.363636,27.72954545
Indirect attack,1,30,25,↖ North/West,2,1,114.0909091,178.1818182,2654.636364,2932.818182,25.36363636,9.181818182,3646.818182,2753.181818,34.41477273
Indirect attack,1,30,25,↖ North/West,6,0,108.8181818,89.54545455,2187.454545,2377,21.27272727,9.545454545,4182.272727,2217.727273,27.72159091
Indirect attack,1,30,25,↖ North/West,6,1,110,112.2727273,2567,2779.272727,21.54545455,8.363636364,3792.454545,2607.545455,32.59431818
Indirect attack,1,30,25,↗ North/East,1,0,76.09090909,97.81818182,1192.272727,1390.090909,18.72727273,8.545454545,5189.090909,1210.909091,15.13636364
Indirect attack,1,30,25,↗ North/East,1,1,79.81818182,125.3636364,1528.181818,1753.545455,19.81818182,9.454545455,4836.454545,1563.545455,19.54431818
Indirect attack,1,30,25,↗ North/East,2,0,107.1818182,80.09090909,3036.090909,3216.181818,22.36363636,8.909090909,3323.818182,3076.181818,38.45227273
Indirect attack,1,30,25,↗ North/East,2,1,93.63636364,76.90909091,2269.090909,2446,20.45454545,6.272727273,4100.363636,2299.636364,28.74545455
Indirect attack,1,30,25,↗ North/East,6,0,115.6363636,104.2727273,2811.636364,3015.909091,22.45454545,9.363636364,3534.272727,2865.727273,35.82159091
Indirect attack,1,30,25,↗ North/East,6,1,110.8181818,83.81818182,3067.454545,3251.272727,23.81818182,7.454545455,3290.454545,3109.545455,38.86931818
Indirect attack,1,30,25,↘ South/East,1,0,90.90909091,74.72727273,2076.090909,2250.818182,20.90909091,8.272727273,4298,2102,26.275
Indirect attack,1,30,25,↘ South/East,1,1,92.81818182,118.1818182,1712.545455,1930.727273,22.36363636,9.454545455,4657.181818,1742.818182,21.78522727
Indirect attack,1,30,25,↘ South/East,2,0,81.45454545,114.9090909,1969.181818,2184.090909,20.81818182,9.090909091,4376.636364,2023.363636,25.29204545
Indirect attack,1,30,25,↘ South/East,2,1,87.45454545,133.9090909,2345,2578.909091,21.54545455,7.909090909,3981.909091,2418.090909,30.22613636
Indirect attack,1,30,25,↘ South/East,6,0,78.36363636,94.45454545,1610,1804.454545,18.81818182,8.818181818,4763.272727,1636.727273,20.45909091
Indirect attack,1,30,25,↘ South/East,6,1,113.0909091,87.63636364,2085.545455,2273.181818,21.45454545,7.363636364,4287.181818,2112.818182,26.41022727
Indirect attack,1,30,25,↙ South/West,1,0,94.81818182,93.45454545,2437.727273,2631.181818,21.72727273,8.818181818,3932.363636,2467.636364,30.84545455
Indirect attack,1,30,25,↙ South/West,1,1,82.09090909,109,2020.363636,2229.363636,24.90909091,7.727272727,4344.272727,2055.727273,25.69659091
Indirect attack,1,30,25,↙ South/West,2,0,98.36363636,119,1710.272727,1929.272727,19.36363636,9.909090909,4650,1750,21.875
Indirect attack,1,30,25,↙ South/West,2,1,74,90.27272727,954.6363636,1144.909091,16.45454545,7.727272727,5418.090909,981.9090909,12.27386364
Indirect attack,1,30,25,↙ South/West,6,0,97.63636364,108,3080,3288,25.63636364,8.727272727,3280.636364,3119.363636,38.99204545
Indirect attack,1,30,25,↙ South/West,6,1,82.18181818,103.1818182,1858.727273,2061.909091,23.81818182,7.727272727,4517.454545,1882.545455,23.53181818
Indirect attack,1,30,30,↖ North/West,1,0,108.8181818,102.4545455,1949,2151.454545,20.45454545,9.272727273,4417,1983,24.7875
Indirect attack,1,30,30,↖ North/West,1,1,105.5454545,105.8181818,2526.363636,2732.181818,23.36363636,10.27272727,3838.909091,2561.090909,32.01363636
Indirect attack,1,30,30,↖ North/West,2,0,90.90909091,95.63636364,2616.090909,2811.727273,22,8.545454545,3730.272727,2669.727273,33.37159091
Indirect attack,1,30,30,↖ North/West,2,1,71.09090909,112.7272727,1610,1822.727273,19.72727273,9.272727273,4750.636364,1649.363636,20.61704545
Indirect attack,1,30,30,↖ North/West,6,0,102.4545455,97.45454545,2488,2685.454545,24.27272727,8.363636364,3871.181818,2528.818182,31.61022727
Indirect attack,1,30,30,↖ North/West,6,1,80,74.09090909,1618.636364,1792.727273,20.09090909,6.727272727,4761.181818,1638.818182,20.48522727
Indirect attack,1,30,30,↗ North/East,1,0,71.63636364,121.1818182,1732.636364,1953.818182,17.36363636,9.636363636,4617.090909,1782.909091,22.28636364
Indirect attack,1,30,30,↗ North/East,1,1,91.63636364,78.63636364,2895.181818,3073.818182,24.09090909,8.272727273,3465.181818,2934.818182,36.68522727
Indirect attack,1,30,30,↗ North/East,2,0,83.90909091,109.4545455,2056.636364,2266.090909,20.45454545,11.54545455,4298.727273,2101.272727,26.26590909
Indirect attack,1,30,30,↗ North/East,2,1,94.36363636,99.54545455,2567.090909,2766.636364,19.27272727,6.545454545,3763.090909,2636.909091,32.96136364
Indirect attack,1,30,30,↗ North/East,6,0,88,100.9090909,1568.818182,1769.727273,18.72727273,8.727272727,4810.636364,1589.363636,19.86704545
Indirect attack,1,30,30,↗ North/East,6,1,117,91.54545455,2548.454545,2740,20.54545455,6.454545455,3810.454545,2589.545455,32.36931818
Indirect attack,1,30,30,↘ South/East,1,0,45.09090909,100.1818182,840,1040.181818,16.81818182,10.63636364,5534.363636,865.6363636,10.82045455
Indirect attack,1,30,30,↘ South/East,1,1,100.3636364,73.45454545,2506.818182,2680.272727,20.81818182,7.272727273,3860.818182,2539.181818,31.73977273
Indirect attack,1,30,30,↘ South/East,2,0,83.45454545,150.6363636,2146.818182,2397.454545,21.45454545,10.72727273,4183.272727,2216.727273,27.70909091
Indirect attack,1,30,30,↘ South/East,2,1,90.54545455,145.3636364,2526.727273,2772.090909,23.90909091,8.545454545,3793.818182,2606.181818,32.57727273
Indirect attack,1,30,30,↘ South/East,6,0,100.1818182,115.8181818,2347.909091,2563.727273,21.45454545,9.727272727,4021.636364,2378.363636,29.72954545
Indirect attack,1,30,30,↘ South/East,6,1,87.81818182,85.72727273,1246.818182,1432.545455,18,7.272727273,5132.727273,1267.272727,15.84090909
Indirect attack,1,30,30,↙ South/West,1,0,81.72727273,113.6363636,1537,1750.636364,20.81818182,8.818181818,4836,1564,19.55
Indirect attack,1,30,30,↙ South/West,1,1,85.63636364,156.7272727,2161.272727,2418,23,9.727272727,4180.545455,2219.454545,27.74318182
Indirect attack,1,30,30,↙ South/West,2,0,118.6363636,122.6363636,2887.727273,3110.363636,25,9.545454545,3453.363636,2946.636364,36.83295455
Indirect attack,1,30,30,↙ South/West,2,1,111.8181818,117.0909091,3230,3447.090909,26.09090909,9,3108,3292,41.15
Indirect attack,1,30,30,↙ South/West,6,0,102.9090909,121.9090909,2654.727273,2876.636364,23.27272727,9.727272727,3694.636364,2705.363636,33.81704545
Indirect attack,1,30,30,↙ South/West,6,1,80,81.36363636,1971.181818,2152.545455,20.36363636,7.909090909,4400.818182,1999.181818,24.98977273
Indirect attack,1,50,15,↖ North/West,1,0,76.09090909,126.8181818,1346.636364,1573.454545,22.54545455,12.18181818,5024.545455,1375.454545,17.19318182
Indirect attack,1,50,15,↖ North/West,1,1,72.63636364,101.1818182,1328.090909,1529.272727,19.45454545,10.45454545,5049.909091,1350.090909,16.87613636
Indirect attack,1,50,15,↖ North/West,2,0,90.72727273,121.6363636,1758.818182,1980.454545,20.18181818,13.90909091,4601.090909,1798.909091,22.48636364
Indirect attack,1,50,15,↖ North/West,2,1,86.09090909,154.0909091,2070.272727,2324.363636,22.45454545,14.18181818,4281,2119,26.4875
Indirect attack,1,50,15,↖ North/West,6,0,81.54545455,142.4545455,1967.818182,2210.272727,23.27272727,15.63636364,4382.545455,2017.454545,25.21818182
Indirect attack,1,50,15,↖ North/West,6,1,86.18181818,117.7272727,2013.545455,2231.272727,22.45454545,10.36363636,4347.363636,2052.636364,25.65795455
Indirect attack,1,50,15,↗ North/East,1,0,86.54545455,81,1856.090909,2037.090909,22.72727273,11.45454545,4519.363636,1880.636364,23.50795455
Indirect attack,1,50,15,↗ North/East,1,1,90.27272727,121.6363636,2248.818182,2470.454545,22.63636364,12.81818182,4103,2297,28.7125
Indirect attack,1,50,15,↗ North/East,2,0,95.54545455,117.8181818,1772.909091,1990.727273,20.72727273,12.90909091,4601.636364,1798.363636,22.47954545
Indirect attack,1,50,15,↗ North/East,2,1,75.36363636,117,1333.727273,1550.727273,21.18181818,9.363636364,5025.818182,1374.181818,17.17727273
Indirect attack,1,50,15,↗ North/East,6,0,101.2727273,120.2727273,2343.909091,2564.181818,25.36363636,13.54545455,4015.454545,2384.545455,29.80681818
Indirect attack,1,50,15,↗ North/East,6,1,98,115.1818182,1923.272727,2138.454545,20.45454545,11.27272727,4428.181818,1971.818182,24.64772727
Indirect attack,1,50,15,↘ South/East,1,0,81.45454545,111.0909091,1635.636364,1846.727273,22.90909091,14.27272727,4741.818182,1658.181818,20.72727273
Indirect attack,1,50,15,↘ South/East,1,1,94.63636364,162.4545455,1931.454545,2193.909091,25.36363636,15.63636364,4427.272727,1972.727273,24.65909091
Indirect attack,1,50,15,↘ South/East,2,0,87.90909091,120,1802.727273,2022.727273,24.09090909,16.36363636,4569.090909,1830.909091,22.88636364
Indirect attack,1,50,15,↘ South/East,2,1,79.27272727,155.3636364,1666,1921.363636,24.63636364,17.54545455,4684.454545,1715.545455,21.44431818
Indirect attack,1,50,15,↘ South/East,6,0,103,98.90909091,1664.636364,1863.545455,19.63636364,12.18181818,4714,1686,21.075
Indirect attack,1,50,15,↘ South/East,6,1,91.45454545,132.4545455,2460.363636,2692.818182,24.90909091,13.09090909,3877.090909,2522.909091,31.53636364
Indirect attack,1,50,15,↙ South/West,1,0,76.90909091,127.9090909,1502.363636,1730.272727,21.72727273,19.09090909,4857.727273,1542.272727,19.27840909
Indirect attack,1,50,15,↙ South/West,1,1,89.18181818,167.6363636,2086.545455,2354.181818,23.27272727,14.36363636,4257.727273,2142.272727,26.77840909
Indirect attack,1,50,15,↙ South/West,2,0,84.54545455,127.3636364,1567.181818,1794.545455,22.09090909,13.09090909,4810.909091,1589.090909,19.86363636
Indirect attack,1,50,15,↙ South/West,2,1,77.54545455,136.1818182,1861,2097.181818,23.45454545,13.90909091,4492,1908,23.85
Indirect attack,1,50,15,↙ South/West,6,0,74.18181818,89.36363636,1237,1426.363636,19.72727273,11.81818182,5144.818182,1255.181818,15.68977273
Indirect attack,1,50,15,↙ South/West,6,1,70.27272727,115.2727273,1625.454545,1840.727273,21.54545455,10.36363636,4729.454545,1670.545455,20.88181818
Indirect attack,1,50,20,↗ North/East,1,0,102.3636364,114.7272727,2726,2940.727273,22.81818182,17.81818182,3626.181818,2773.818182,34.67272727
Indirect attack,1,50,20,↗ North/East,1,1,93.54545455,134.1818182,1742.636364,1976.818182,21,13.63636364,4617.363636,1782.636364,22.28295455
Indirect attack,1,50,20,↗ North/East,2,0,71,127,1177.636364,1404.636364,19.54545455,16.54545455,5168.545455,1231.454545,15.39318182
Indirect attack,1,50,20,↗ North/East,2,1,91.72727273,107.7272727,2069.727273,2277.454545,21.72727273,9.454545455,4288,2112,26.4
Indirect attack,1,50,20,↗ North/East,6,0,102.1818182,103.2727273,1980.363636,2183.636364,22,12.18181818,4395.454545,2004.545455,25.05681818
Indirect attack,1,50,20,↗ North/East,6,1,89.27272727,117,2175.454545,2392.454545,21.72727273,10.18181818,4183.727273,2216.272727,27.70340909
Indirect attack,1,50,20,↘ South/East,1,0,81.18181818,143.6363636,2455.090909,2698.727273,25.18181818,17.81818182,3892.727273,2507.272727,31.34090909
Indirect attack,1,50,20,↘ South/East,1,1,71.18181818,136.6363636,1220,1456.636364,20.54545455,19.09090909,5144.454545,1255.545455,15.69431818
Indirect attack,1,50,20,↘ South/East,2,0,85.18181818,150,1804.181818,2054.181818,22.81818182,14.27272727,4547.454545,1852.545455,23.15681818
Indirect attack,1,50,20,↘ South/East,2,1,92.90909091,119.2727273,2300.636364,2519.909091,21.36363636,9,4058.272727,2341.727273,29.27159091
Indirect attack,1,50,20,↘ South/East,6,0,84,107.6363636,1322.636364,1530.272727,21.09090909,13,5053.909091,1346.090909,16.82613636
Indirect attack,1,50,20,↘ South/East,6,1,94.81818182,86.27272727,1933.818182,2120.090909,21.18181818,10,4439.363636,1960.636364,24.50795455
Indirect attack,1,50,20,↙ South/West,1,0,84.36363636,117.8181818,1673.545455,1891.363636,21.72727273,13,4698.272727,1701.727273,21.27159091
Indirect attack,1,50,20,↙ South/West,1,1,108.3636364,118.4545455,3161.727273,3380.181818,23.81818182,13.81818182,3177.181818,3222.818182,40.28522727
Indirect attack,1,50,20,↙ South/West,2,0,74.16666667,99.33333333,1098.333333,1297.666667,17,12.83333333,5314.333333,1085.666667,13.57083333
Indirect attack,1,50,20,↖ North/West,1,0,105.1818182,138.5454545,2068.363636,2306.909091,22.18181818,13.54545455,4290,2110,26.375
Indirect attack,1,50,20,↖ North/West,1,1,66.36363636,110.4545455,1236.090909,1446.545455,19.45454545,10.72727273,5131.818182,1268.181818,15.85227273
Indirect attack,1,50,20,↖ North/West,2,0,86.81818182,130.8181818,1385.727273,1616.545455,20.18181818,12.09090909,4950,1450,18.125
Indirect attack,1,50,20,↖ North/West,2,1,95.72727273,96.81818182,2515.363636,2712.181818,24.72727273,11,3848.272727,2551.727273,31.89659091
Indirect attack,1,50,20,↖ North/West,6,0,106.9090909,101,3157.363636,3358.363636,23,11.18181818,3196.363636,3203.636364,40.04545455
Indirect attack,1,50,20,↖ North/West,6,1,89.27272727,107.3636364,2039.545455,2246.909091,21.45454545,9.818181818,4312.545455,2087.454545,26.09318182
Indirect attack,1,50,20,↙ South/West,1,1,80.54545455,107.6363636,1834.181818,2041.818182,21,9.545454545,4532.090909,1867.909091,23.34886364
Indirect attack,1,50,20,↙ South/West,2,0,104.3636364,138.3636364,2269.818182,2508.181818,24.63636364,15,4077.090909,2322.909091,29.03636364
Indirect attack,1,50,20,↙ South/West,2,1,74.54545455,107.7272727,1270,1477.727273,18.54545455,10.72727273,5099.272727,1300.727273,16.25909091
Indirect attack,1,50,20,↙ South/West,6,0,97.36363636,103.9090909,2180.545455,2384.454545,22.81818182,11.27272727,4183.363636,2216.636364,27.70795455
Indirect attack,1,50,20,↙ South/West,6,1,89.81818182,187.7272727,2298,2585.727273,25.45454545,12.09090909,4001.727273,2398.272727,29.97840909
Indirect attack,1,50,25,↖ North/West,1,0,74.63636364,81.45454545,1327.454545,1508.909091,20.45454545,10.81818182,5054.636364,1345.363636,16.81704545
Indirect attack,1,50,25,↖ North/West,1,1,94.81818182,124.3636364,2544.181818,2768.545455,24.81818182,11.27272727,3803.636364,2596.363636,32.45454545
Indirect attack,1,50,25,↖ North/West,2,0,89.36363636,116.1818182,1589.909091,1806.090909,21.81818182,13.27272727,4777.181818,1622.818182,20.28522727
Indirect attack,1,50,25,↖ North/West,2,1,104.1818182,92.36363636,2639.454545,2831.818182,23.09090909,11.63636364,3725.272727,2674.727273,33.43409091
Indirect attack,1,50,25,↖ North/West,6,0,95.81818182,94.54545455,2165.181818,2359.727273,22.90909091,12,4203.545455,2196.454545,27.45568182
Indirect attack,1,50,25,↖ North/West,6,1,100.6363636,80.63636364,3252.727273,3433.363636,23.72727273,7.545454545,3091.545455,3308.454545,41.35568182
Indirect attack,1,50,25,↗ North/East,1,0,83.09090909,120.5454545,1830.727273,2051.272727,23.27272727,14.90909091,4534.545455,1865.454545,23.31818182
Indirect attack,1,50,25,↗ North/East,1,1,93.27272727,114.4545455,1670.727273,1885.181818,22,10.72727273,4695.272727,1704.727273,21.30909091
Indirect attack,1,50,25,↗ North/East,2,0,62.54545455,109.6363636,902.8181818,1112.454545,21.09090909,14.72727273,5482.454545,917.5454545,11.46931818
Indirect attack,1,50,25,↗ North/East,2,1,73.18181818,138.1818182,1463,1701.181818,20,11.63636364,4893.636364,1506.363636,18.82954545
Indirect attack,1,50,25,↗ North/East,6,0,99.18181818,119.5454545,2162.363636,2381.909091,22.72727273,13.18181818,4200.636364,2199.363636,27.49204545
Indirect attack,1,50,25,↗ North/East,6,1,88.45454545,95.54545455,1990.181818,2185.727273,20.81818182,10,4383.090909,2016.909091,25.21136364
Indirect attack,1,50,25,↘ South/East,1,0,100.1818182,112.9090909,1867.090909,2080,21.63636364,11.45454545,4503.454545,1896.545455,23.70681818
Indirect attack,1,50,25,↘ South/East,1,1,92.27272727,139.8181818,2013,2252.818182,21.09090909,13.27272727,4344.636364,2055.363636,25.69204545
Indirect attack,1,50,25,↘ South/East,2,0,83.81818182,116.9090909,1156.090909,1373,19.36363636,12.54545455,5214.545455,1185.454545,14.81818182
Indirect attack,1,50,25,↘ South/East,2,1,103.3636364,135,2348.727273,2583.727273,25.63636364,10.45454545,3988.090909,2411.909091,30.14886364
Indirect attack,1,50,25,↘ South/East,6,0,75.54545455,103.4545455,1263.909091,1467.363636,20.81818182,12,5115.363636,1284.636364,16.05795455
Indirect attack,1,50,25,↘ South/East,6,1,93.18181818,101.9090909,2057.272727,2259.181818,20,10.18181818,4301.454545,2098.545455,26.23181818
Indirect attack,1,50,25,↙ South/West,1,0,93.72727273,138.4545455,1873.181818,2111.636364,22.72727273,12.81818182,4490.272727,1909.727273,23.87159091
Indirect attack,1,50,25,↙ South/West,1,1,100.4545455,119.5454545,2115.909091,2335.454545,21.45454545,10.72727273,4243.818182,2156.181818,26.95227273
Indirect attack,1,50,25,↙ South/West,2,0,72.27272727,111.7272727,1157.909091,1369.636364,19.90909091,13.90909091,5219,1181,14.7625
Indirect attack,1,50,25,↙ South/West,2,1,86.63636364,106.0909091,2273.454545,2479.545455,23.45454545,11.63636364,4080.818182,2319.181818,28.98977273
Indirect attack,1,50,25,↙ South/West,6,0,85.54545455,106.2727273,2178.363636,2384.636364,25.18181818,12.63636364,4187.818182,2212.181818,27.65227273
Indirect attack,1,50,25,↙ South/West,6,1,82,80.36363636,1839.909091,2020.272727,20.18181818,7.181818182,4530.363636,1869.636364,23.37045455
Indirect attack,1,50,30,↖ North/West,1,0,65.18181818,93.18181818,904.9090909,1098.090909,17.63636364,12.54545455,5478.818182,921.1818182,11.51477273
Indirect attack,1,50,30,↖ North/West,1,1,87.36363636,127.3636364,2029.090909,2256.454545,25,15.36363636,4328.272727,2071.727273,25.89659091
Indirect attack,1,50,30,↖ North/West,2,0,96.45454545,99.27272727,1933.181818,2132.454545,21.90909091,11.63636364,4436.545455,1963.454545,24.54318182
Indirect attack,1,50,30,↖ North/West,2,1,92.72727273,95.36363636,2137.181818,2332.545455,20.72727273,10.72727273,4224.454545,2175.545455,27.19431818
Indirect attack,1,50,30,↖ North/West,6,0,106.9090909,106.8181818,2124.272727,2331.090909,24.54545455,12.72727273,4242.363636,2157.636364,26.97045455
Indirect attack,1,50,30,↖ North/West,6,1,105,100.6363636,3180.636364,3381.272727,26.72727273,10.63636364,3161,3239,40.4875
Indirect attack,1,50,30,↗ North/East,1,0,99.72727273,118.0909091,2057.909091,2276,21.54545455,13.72727273,4302.272727,2097.727273,26.22159091
Indirect attack,1,50,30,↗ North/East,1,1,91.09090909,113.0909091,1522.090909,1735.181818,20.18181818,12.18181818,4850.363636,1549.636364,19.37045455
Indirect attack,1,50,30,↗ North/East,2,0,84.09090909,126.6363636,1467.545455,1694.181818,21.54545455,13.72727273,4898.363636,1501.636364,18.77045455
Indirect attack,1,50,30,↗ North/East,2,1,108.8181818,100.9090909,2487.454545,2688.363636,21.63636364,8.454545455,3854,2546,31.825
Indirect attack,1,50,30,↗ North/East,6,0,101.0909091,102.4545455,2750.545455,2953,24.09090909,12.18181818,3610.454545,2789.545455,34.86931818
Indirect attack,1,50,30,↗ North/East,6,1,89.18181818,75.36363636,2376.636364,2552,23.27272727,9.181818182,3991,2409,30.1125
Indirect attack,1,50,30,↘ South/East,2,0,80.18181818,121.0909091,1668.090909,1889.181818,20.72727273,14.45454545,4704.363636,1695.636364,21.19545455
Indirect attack,1,50,30,↘ South/East,2,1,103.7272727,100.2727273,2925.727273,3126,26.54545455,11.27272727,3436.181818,2963.818182,37.04772727
Indirect attack,1,50,30,↘ South/East,6,0,113.2727273,103.2727273,2629.272727,2832.545455,20.90909091,10.90909091,3729.181818,2670.818182,33.38522727
Indirect attack,1,50,30,↘ South/East,6,1,89.18181818,84.27272727,1923.909091,2108.181818,20.72727273,9.090909091,4451.545455,1948.454545,24.35568182
Indirect attack,1,50,30,↙ South/West,1,0,109.1818182,132,1515.454545,1747.454545,20.81818182,14,4850.272727,1549.727273,19.37159091
Indirect attack,1,50,30,↙ South/West,1,1,72.81818182,102.4545455,1371.454545,1573.909091,18.54545455,10.81818182,4992.727273,1407.272727,17.59090909
Indirect attack,1,50,30,↙ South/West,2,0,86.18181818,124.8181818,1951.727273,2176.545455,21.90909091,13.18181818,4408.636364,1991.363636,24.89204545
Indirect attack,1,50,30,↙ South/West,2,1,88,102.5454545,2646.909091,2849.454545,22.45454545,9.545454545,3700.909091,2699.090909,33.73863636
Indirect attack,1,50,30,↙ South/West,6,0,101.2727273,107.2727273,2752,2959.272727,24.18181818,12.09090909,3603.818182,2796.181818,34.95227273
Indirect attack,1,50,30,↙ South/West,6,1,88.63636364,78.18181818,2011.363636,2189.545455,21.18181818,9.181818182,4361.818182,2038.181818,25.47727273
