truck_strategy,break_width,num_firetruck,max_speed,wind_dir,steps_to_extinguish_1_cell,placed_on_edges,Number_of_steps_to_ExtinguishFire,Number_of_extinguished_firecell,Number_of_burned_out_cell,Number_of_cells_on_fire,Maximum_growthrate_firecell_perstep,Maximum_extinguishedrate_firecell_perstep,Count_healthy_trees,Count_unhealthy_trees,Percentage_damaged_burnedtrees
Parallel attack,0,10,15,↖ North/West,1,0,6.0,5.2727272727272725,1.0,6.2727272727272725,2.909090909090909,3.272727272727273,6397.909090909091,2.090909090909091,0.026136363636363638
Parallel attack,0,10,15,↖ North/West,1,1,6.0,14.909090909090908,1.0,15.909090909090908,5.636363636363637,12.636363636363637,6390.090909090909,9.909090909090908,0.12386363636363637
Parallel attack,0,10,15,↖ North/West,2,0,6.0,7.909090909090909,1.0,8.909090909090908,4.0,5.636363636363637,6395.818181818182,4.181818181818182,0.05227272727272727
Parallel attack,0,10,15,↖ North/West,2,1,6.0,18.09090909090909,1.0,19.09090909090909,6.363636363636363,12.909090909090908,6388.818181818182,11.181818181818182,0.13977272727272727
Parallel attack,0,10,15,↖ North/West,6,0,81.81818181818181,213.1818181818182,2590.6363636363635,2803.818181818182,28.90909090909091,7.909090909090909,3597.6363636363635,2802.3636363636365,35.029545454545456
Parallel attack,0,10,15,↖ North/West,6,1,85.36363636363636,195.8181818181818,2758.818181818182,2954.6363636363635,26.363636363636363,8.090909090909092,3446.7272727272725,2953.2727272727275,36.91590909090909
Parallel attack,0,10,15,↗ North/East,1,0,6.0,5.2727272727272725,1.0,6.2727272727272725,3.090909090909091,3.727272727272727,6398.181818181818,1.8181818181818181,0.022727272727272728
Parallel attack,0,10,15,↗ North/East,1,1,6.0,14.181818181818182,1.0,15.181818181818182,5.818181818181818,9.272727272727273,6391.363636363636,8.636363636363637,0.10795454545454546
Parallel attack,0,10,15,↗ North/East,2,0,6.0,8.454545454545455,1.0,9.454545454545455,3.909090909090909,5.2727272727272725,6395.909090909091,4.090909090909091,0.05113636363636364
Parallel attack,0,10,15,↗ North/East,2,1,6.090909090909091,19.09090909090909,1.0909090909090908,20.181818181818183,6.454545454545454,11.727272727272727,6388.363636363636,11.636363636363637,0.14545454545454548
Parallel attack,0,10,15,↗ North/East,6,0,79.45454545454545,177.8181818181818,2653.7272727272725,2831.5454545454545,27.181818181818183,8.454545454545455,3569.7272727272725,2830.2727272727275,35.378409090909095
Parallel attack,0,10,15,↗ North/East,6,1,84.18181818181819,176.54545454545453,2724.818181818182,2901.3636363636365,26.363636363636363,8.0,3500.0,2900.0,36.25
Parallel attack,0,10,15,↘ South/East,1,0,6.0,6.818181818181818,1.0,7.818181818181818,3.909090909090909,5.090909090909091,6397.181818181818,2.8181818181818183,0.035227272727272725
Parallel attack,0,10,15,↘ South/East,1,1,6.0,16.636363636363637,1.0,17.636363636363637,5.818181818181818,14.181818181818182,6388.909090909091,11.090909090909092,0.13863636363636364
Parallel attack,0,10,15,↘ South/East,2,0,6.0,7.454545454545454,1.0,8.454545454545455,3.909090909090909,5.636363636363637,6396.454545454545,3.5454545454545454,0.04431818181818182
Parallel attack,0,10,15,↘ South/East,2,1,6.0,21.0,1.0,22.0,7.363636363636363,14.363636363636363,6386.090909090909,13.909090909090908,0.17386363636363636
Parallel attack,0,10,15,↘ South/East,6,0,70.36363636363636,165.1818181818182,2101.909090909091,2267.090909090909,24.272727272727273,7.7272727272727275,4135.272727272727,2264.7272727272725,28.30909090909091
Parallel attack,0,10,15,↘ South/East,6,1,89.0909090909091,213.0,2778.3636363636365,2991.3636363636365,28.272727272727273,8.272727272727273,3411.818181818182,2988.181818181818,37.35227272727273
Parallel attack,0,10,15,↙ South/West,1,0,6.0,4.090909090909091,1.0,5.090909090909091,2.5454545454545454,2.727272727272727,6398.636363636364,1.3636363636363635,0.017045454545454544
Parallel attack,0,10,15,↙ South/West,1,1,6.0,23.454545454545453,1.0,24.454545454545453,9.363636363636363,23.272727272727273,6385.090909090909,14.909090909090908,0.1863636363636364
Parallel attack,0,10,15,↙ South/West,2,0,6.0,6.636363636363637,1.0,7.636363636363637,3.6363636363636362,4.363636363636363,6397.0,3.0,0.037500000000000006
Parallel attack,0,10,15,↙ South/West,2,1,6.0,24.454545454545453,1.0,25.454545454545453,8.090909090909092,15.636363636363637,6383.727272727273,16.272727272727273,0.2034090909090909
Parallel attack,0,10,15,↙ South/West,6,0,53.81818181818182,166.1818181818182,1568.0,1734.1818181818182,18.272727272727273,7.090909090909091,4667.272727272727,1732.7272727272727,21.65909090909091
Parallel attack,0,10,15,↙ South/West,6,1,74.81818181818181,207.0909090909091,2536.3636363636365,2743.4545454545455,26.545454545454547,8.818181818181818,3657.181818181818,2742.818181818182,34.28522727272727
Parallel attack,0,10,20,↖ North/West,1,0,6.0,4.2727272727272725,1.0,5.2727272727272725,3.0,3.727272727272727,6398.272727272727,1.7272727272727273,0.02159090909090909
Parallel attack,0,10,20,↖ North/West,1,1,6.0,12.181818181818182,1.0,13.181818181818182,5.363636363636363,11.727272727272727,6392.363636363636,7.636363636363637,0.09545454545454546
Parallel attack,0,10,20,↖ North/West,2,0,6.0,7.454545454545454,1.0,8.454545454545455,4.090909090909091,6.090909090909091,6396.454545454545,3.5454545454545454,0.04431818181818182
Parallel attack,0,10,20,↖ North/West,2,1,6.0,14.818181818181818,1.0,15.818181818181818,6.7272727272727275,12.454545454545455,6391.454545454545,8.545454545454545,0.10681818181818183
Parallel attack,0,10,20,↖ North/West,6,0,65.0,186.54545454545453,2004.909090909091,2191.4545454545455,21.545454545454547,7.454545454545454,4210.636363636364,2189.3636363636365,27.36704545454546
Parallel attack,0,10,20,↖ North/West,6,1,72.45454545454545,189.0,2420.5454545454545,2609.5454545454545,25.181818181818183,8.272727272727273,3793.181818181818,2606.818181818182,32.58522727272727
Parallel attack,0,10,20,↗ North/East,1,0,6.0,4.363636363636363,1.0,5.363636363636363,2.8181818181818183,3.1818181818181817,6398.545454545455,1.4545454545454546,0.018181818181818184
Parallel attack,0,10,20,↗ North/East,1,1,6.0,12.909090909090908,1.0,13.909090909090908,6.090909090909091,12.727272727272727,6392.363636363636,7.636363636363637,0.09545454545454546
Parallel attack,0,10,20,↗ North/East,2,0,6.0,5.2727272727272725,1.0,6.2727272727272725,3.090909090909091,4.181818181818182,6397.636363636364,2.3636363636363638,0.029545454545454545
Parallel attack,0,10,20,↗ North/East,2,1,6.0,14.727272727272727,1.0,15.727272727272727,5.909090909090909,11.363636363636363,6390.727272727273,9.272727272727273,0.1159090909090909
Parallel attack,0,10,20,↗ North/East,6,0,72.27272727272727,159.27272727272728,2443.6363636363635,2602.909090909091,22.818181818181817,8.0,3799.4545454545455,2600.5454545454545,32.50681818181818
Parallel attack,0,10,20,↗ North/East,6,1,81.0,171.36363636363637,2788.5454545454545,2959.909090909091,26.545454545454547,8.090909090909092,3441.181818181818,2958.818181818182,36.98522727272727
Parallel attack,0,10,20,↘ South/East,1,0,6.0,4.0,1.0,5.0,2.5454545454545454,2.909090909090909,6398.636363636364,1.3636363636363635,0.017045454545454544
Parallel attack,0,10,20,↘ South/East,1,1,6.0,14.0,1.0,15.0,6.636363636363637,13.545454545454545,6392.090909090909,7.909090909090909,0.09886363636363636
Parallel attack,0,10,20,↘ South/East,2,0,6.0,4.818181818181818,1.0,5.818181818181818,2.727272727272727,3.272727272727273,6398.0,2.0,0.025
Parallel attack,0,10,20,↘ South/East,2,1,6.0,12.636363636363637,1.0,13.636363636363637,5.363636363636363,11.727272727272727,6391.454545454545,8.545454545454545,0.10681818181818183
Parallel attack,0,10,20,↘ South/East,6,0,74.81818181818181,191.27272727272728,2426.818181818182,2618.090909090909,24.0,8.363636363636363,3783.5454545454545,2616.4545454545455,32.705681818181816
Parallel attack,0,10,20,↘ South/East,6,1,67.72727272727273,165.0909090909091,2248.0,2413.090909090909,26.363636363636363,7.818181818181818,3987.7272727272725,2412.2727272727275,30.15340909090909
Parallel attack,0,10,20,↙ South/West,1,0,6.0,3.909090909090909,1.0,4.909090909090909,2.5454545454545454,2.8181818181818183,6398.727272727273,1.2727272727272727,0.01590909090909091
Parallel attack,0,10,20,↙ South/West,1,1,6.0,14.272727272727273,1.0,15.272727272727273,6.363636363636363,13.909090909090908,6391.363636363636,8.636363636363637,0.10795454545454546
Parallel attack,0,10,20,↙ South/West,2,0,6.0,4.363636363636363,1.0,5.363636363636363,2.909090909090909,3.4545454545454546,6398.272727272727,1.7272727272727273,0.02159090909090909
Parallel attack,0,10,20,↙ South/West,2,1,6.0,14.545454545454545,1.0,15.545454545454545,6.181818181818182,12.727272727272727,6391.545454545455,8.454545454545455,0.10568181818181817
Parallel attack,0,10,20,↙ South/West,6,0,68.81818181818181,209.27272727272728,2122.2727272727275,2331.5454545454545,25.545454545454547,7.636363636363637,4070.909090909091,2329.090909090909,29.113636363636363
Parallel attack,0,10,20,↙ South/West,6,1,60.27272727272727,182.8181818181818,1841.3636363636363,2024.1818181818182,21.545454545454547,7.545454545454546,4378.090909090909,2021.909090909091,25.27386363636364
Parallel attack,0,10,25,↖ North/West,1,0,6.0,4.363636363636363,1.0,5.363636363636363,3.0,2.909090909090909,6398.909090909091,1.0909090909090908,0.01363636363636364
Parallel attack,0,10,25,↖ North/West,1,1,6.0,8.0,1.0,9.0,4.545454545454546,7.0,6396.545454545455,3.4545454545454546,0.04318181818181818
Parallel attack,0,10,25,↖ North/West,2,0,6.0,4.2727272727272725,1.0,5.2727272727272725,2.6363636363636362,2.909090909090909,6398.727272727273,1.2727272727272727,0.01590909090909091
Parallel attack,0,10,25,↖ North/West,2,1,6.0,8.181818181818182,1.0,9.181818181818182,4.7272727272727275,7.545454545454546,6396.181818181818,3.8181818181818183,0.04772727272727273
Parallel attack,0,10,25,↖ North/West,6,0,77.45454545454545,197.36363636363637,2424.3636363636365,2621.7272727272725,23.545454545454547,7.545454545454546,3782.6363636363635,2617.3636363636365,32.717045454545456
Parallel attack,0,10,25,↖ North/West,6,1,73.45454545454545,181.0909090909091,2369.909090909091,2551.0,23.636363636363637,7.7272727272727275,3852.3636363636365,2547.6363636363635,31.845454545454547
Parallel attack,0,10,25,↗ North/East,1,0,6.0,4.181818181818182,1.0,5.181818181818182,2.909090909090909,3.090909090909091,6398.818181818182,1.1818181818181819,0.014772727272727272
Parallel attack,0,10,25,↗ North/East,1,1,6.0,7.363636363636363,1.0,8.363636363636363,3.8181818181818183,6.363636363636363,6396.272727272727,3.727272727272727,0.046590909090909086
Parallel attack,0,10,25,↗ North/East,2,0,6.0,4.818181818181818,1.0,5.818181818181818,2.909090909090909,3.6363636363636362,6398.272727272727,1.7272727272727273,0.02159090909090909
Parallel attack,0,10,25,↗ North/East,2,1,6.0,7.090909090909091,1.0,8.090909090909092,4.090909090909091,6.454545454545454,6396.454545454545,3.5454545454545454,0.04431818181818182
Parallel attack,0,10,25,↗ North/East,6,0,52.72727272727273,133.8181818181818,1629.6363636363637,1763.4545454545455,18.818181818181817,6.636363636363637,4640.363636363636,1759.6363636363637,21.995454545454546
Parallel attack,0,10,25,↗ North/East,6,1,78.0,172.45454545454547,2567.4545454545455,2739.909090909091,27.454545454545453,8.454545454545455,3662.181818181818,2737.818181818182,34.22272727272727
Parallel attack,0,10,25,↘ South/East,1,0,6.0,3.5454545454545454,1.0,4.545454545454546,2.8181818181818183,2.8181818181818183,6399.0,1.0,0.0125
Parallel attack,0,10,25,↘ South/East,1,1,6.0,9.0,1.0,10.0,5.454545454545454,8.181818181818182,6396.181818181818,3.8181818181818183,0.04772727272727273
Parallel attack,0,10,25,↘ South/East,2,0,6.0,3.5454545454545454,1.0,4.545454545454546,2.272727272727273,2.4545454545454546,6398.818181818182,1.1818181818181819,0.014772727272727272
Parallel attack,0,10,25,↘ South/East,2,1,6.0,7.181818181818182,1.0,8.181818181818182,4.181818181818182,6.636363636363637,6396.545454545455,3.4545454545454546,0.04318181818181818
Parallel attack,0,10,25,↘ South/East,6,0,42.45454545454545,119.63636363636364,1236.909090909091,1356.5454545454545,15.181818181818182,6.181818181818182,5046.454545454545,1353.5454545454545,16.91931818181818
Parallel attack,0,10,25,↘ South/East,6,1,78.45454545454545,205.8181818181818,2586.0,2791.818181818182,28.90909090909091,8.545454545454545,3610.6363636363635,2789.3636363636365,34.867045454545455
Parallel attack,0,10,25,↙ South/West,1,0,6.0,4.909090909090909,1.0,5.909090909090909,3.1818181818181817,3.727272727272727,6398.363636363636,1.6363636363636365,0.020454545454545454
Parallel attack,0,10,25,↙ South/West,1,1,6.0,7.909090909090909,1.0,8.909090909090908,4.818181818181818,7.636363636363637,6396.181818181818,3.8181818181818183,0.04772727272727273
Parallel attack,0,10,25,↙ South/West,2,0,6.0,3.272727272727273,1.0,4.2727272727272725,2.6363636363636362,3.090909090909091,6398.545454545455,1.4545454545454546,0.018181818181818184
Parallel attack,0,10,25,↙ South/West,2,1,6.0,6.2727272727272725,1.0,7.2727272727272725,3.6363636363636362,5.818181818181818,6396.727272727273,3.272727272727273,0.04090909090909091
Parallel attack,0,10,25,↙ South/West,6,0,60.45454545454545,167.8181818181818,1898.5454545454545,2066.3636363636365,21.363636363636363,7.545454545454546,4336.818181818182,2063.181818181818,25.789772727272727
Parallel attack,0,10,25,↙ South/West,6,1,62.54545454545455,178.72727272727272,2096.909090909091,2275.6363636363635,23.272727272727273,7.2727272727272725,4127.090909090909,2272.909090909091,28.41136363636364
Parallel attack,0,10,30,↖ North/West,1,0,6.0,3.6363636363636362,1.0,4.636363636363637,2.6363636363636362,2.6363636363636362,6399.0,1.0,0.0125
Parallel attack,0,10,30,↖ North/West,1,1,6.0,7.0,1.0,8.0,4.0,6.181818181818182,6396.636363636364,3.3636363636363638,0.042045454545454546
Parallel attack,0,10,30,↖ North/West,2,0,6.0,5.0,1.0,6.0,3.1818181818181817,3.6363636363636362,6398.363636363636,1.6363636363636365,0.020454545454545454
Parallel attack,0,10,30,↖ North/West,2,1,6.0,7.2727272727272725,1.0,8.272727272727273,4.090909090909091,6.7272727272727275,6396.363636363636,3.6363636363636362,0.045454545454545456
Parallel attack,0,10,30,↖ North/West,6,0,49.63636363636363,110.0909090909091,1505.1818181818182,1615.2727272727273,16.0,6.2727272727272725,4789.090909090909,1610.909090909091,20.136363636363637
Parallel attack,0,10,30,↖ North/West,6,1,59.90909090909091,128.63636363636363,1999.909090909091,2128.5454545454545,18.545454545454547,7.0,4274.363636363636,2125.6363636363635,26.57045454545454
Parallel attack,0,10,30,↗ North/East,1,0,6.0,3.4545454545454546,1.0,4.454545454545454,2.6363636363636362,2.909090909090909,6398.727272727273,1.2727272727272727,0.01590909090909091
Parallel attack,0,10,30,↗ North/East,1,1,6.0,7.818181818181818,1.0,8.818181818181818,4.2727272727272725,7.181818181818182,6396.090909090909,3.909090909090909,0.04886363636363636
Parallel attack,0,10,30,↗ North/East,2,0,6.0,4.181818181818182,1.0,5.181818181818182,2.6363636363636362,2.909090909090909,6398.727272727273,1.2727272727272727,0.01590909090909091
Parallel attack,0,10,30,↗ North/East,2,1,6.0,6.818181818181818,1.0,7.818181818181818,4.181818181818182,6.454545454545454,6396.636363636364,3.3636363636363638,0.042045454545454546
Parallel attack,0,10,30,↗ North/East,6,0,53.18181818181818,108.9090909090909,1744.1818181818182,1853.090909090909,19.363636363636363,7.181818181818182,4550.636363636364,1849.3636363636363,23.117045454545455
Parallel attack,0,10,30,↗ North/East,6,1,76.63636363636364,198.0,2424.818181818182,2622.818181818182,27.454545454545453,8.090909090909092,3780.6363636363635,2619.3636363636365,32.742045454545455
Parallel attack,0,10,30,↘ South/East,1,0,6.0,2.4545454545454546,1.0,3.4545454545454546,2.272727272727273,2.272727272727273,6399.0,1.0,0.0125
Parallel attack,0,10,30,↘ South/East,1,1,6.0,7.636363636363637,1.0,8.636363636363637,4.454545454545454,7.0,6396.272727272727,3.727272727272727,0.046590909090909086
Parallel attack,0,10,30,↘ South/East,2,0,6.0,3.8181818181818183,1.0,4.818181818181818,2.727272727272727,3.0,6398.727272727273,1.2727272727272727,0.01590909090909091
Parallel attack,0,10,30,↘ South/East,2,1,6.0,8.0,1.0,9.0,4.909090909090909,7.363636363636363,6396.363636363636,3.6363636363636362,0.045454545454545456
Parallel attack,0,10,30,↘ South/East,6,0,42.54545454545455,114.81818181818181,1146.3636363636363,1261.1818181818182,13.636363636363637,5.545454545454546,5141.909090909091,1258.090909090909,15.726136363636364
Parallel attack,0,10,30,↘ South/East,6,1,57.27272727272727,166.1818181818182,1777.8181818181818,1944.0,20.818181818181817,7.818181818181818,4461.0,1939.0,24.2375
Parallel attack,0,10,30,↙ South/West,1,0,6.0,3.5454545454545454,1.0,4.545454545454546,2.4545454545454546,2.4545454545454546,6399.0,1.0,0.0125
Parallel attack,0,10,30,↙ South/West,1,1,6.0,6.181818181818182,1.0,7.181818181818182,3.909090909090909,5.909090909090909,6397.0,3.0,0.0375
Parallel attack,0,10,30,↙ South/West,2,0,6.0,3.8181818181818183,1.0,4.818181818181818,2.5454545454545454,2.8181818181818183,6398.727272727273,1.2727272727272727,0.01590909090909091
Parallel attack,0,10,30,↙ South/West,2,1,6.0,7.090909090909091,1.0,8.090909090909092,4.0,6.363636363636363,6396.636363636364,3.3636363636363638,0.042045454545454546
Parallel attack,0,10,30,↙ South/West,6,0,52.72727272727273,154.0909090909091,1689.0,1843.090909090909,18.181818181818183,7.0,4560.090909090909,1839.909090909091,22.998863636363634
Parallel attack,0,10,30,↙ South/West,6,1,61.27272727272727,193.0,1938.909090909091,2131.909090909091,21.272727272727273,7.181818181818182,4271.363636363636,2128.6363636363635,26.607954545454547
Parallel attack,0,30,15,↖ North/West,1,0,6.0,4.090909090909091,1.0,5.090909090909091,2.727272727272727,2.909090909090909,6398.636363636364,1.3636363636363635,0.017045454545454544
Parallel attack,0,30,15,↖ North/West,1,1,6.0,16.545454545454547,1.0,17.545454545454547,5.818181818181818,14.090909090909092,6389.363636363636,10.636363636363637,0.13295454545454544
Parallel attack,0,30,15,↖ North/West,2,0,6.0,4.090909090909091,1.0,5.090909090909091,2.909090909090909,3.0,6398.727272727273,1.2727272727272727,0.015909090909090907
Parallel attack,0,30,15,↖ North/West,2,1,6.0,15.818181818181818,1.0,16.818181818181817,6.363636363636363,13.454545454545455,6389.727272727273,10.272727272727273,0.12840909090909092
Parallel attack,0,30,15,↖ North/West,6,0,6.0,10.0,1.0,11.0,4.7272727272727275,6.545454545454546,6394.454545454545,5.545454545454546,0.06931818181818182
Parallel attack,0,30,15,↖ North/West,6,1,6.0,19.363636363636363,1.0,20.363636363636363,6.454545454545454,12.818181818181818,6387.363636363636,12.636363636363637,0.15795454545454546
Parallel attack,0,30,15,↗ North/East,1,0,6.0,3.3636363636363638,1.0,4.363636363636363,2.3636363636363638,2.3636363636363638,6399.0,1.0,0.0125
Parallel attack,0,30,15,↗ North/East,1,1,6.0,11.636363636363637,1.0,12.636363636363637,4.909090909090909,7.545454545454546,6392.545454545455,7.454545454545454,0.09318181818181817
Parallel attack,0,30,15,↗ North/East,2,0,6.0,3.909090909090909,1.0,4.909090909090909,2.6363636363636362,2.727272727272727,6398.909090909091,1.0909090909090908,0.01363636363636364
Parallel attack,0,30,15,↗ North/East,2,1,6.0,14.0,1.0,15.0,5.7272727272727275,9.0,6391.545454545455,8.454545454545455,0.1056818181818182
Parallel attack,0,30,15,↗ North/East,6,0,6.0,8.272727272727273,1.0,9.272727272727273,3.8181818181818183,5.909090909090909,6395.545454545455,4.454545454545454,0.055681818181818186
Parallel attack,0,30,15,↗ North/East,6,1,6.0,17.545454545454547,1.0,18.545454545454547,6.090909090909091,11.363636363636363,6389.727272727273,10.272727272727273,0.12840909090909092
Parallel attack,0,30,15,↘ South/East,1,0,6.0,3.272727272727273,1.0,4.2727272727272725,2.4545454545454546,2.4545454545454546,6399.0,1.0,0.0125
Parallel attack,0,30,15,↘ South/East,1,1,6.0,17.636363636363637,1.0,18.636363636363637,6.818181818181818,14.909090909090908,6389.0,11.0,0.13749999999999998
Parallel attack,0,30,15,↘ South/East,2,0,6.0,4.7272727272727275,1.0,5.7272727272727275,3.1818181818181817,3.4545454545454546,6398.272727272727,1.7272727272727273,0.02159090909090909
Parallel attack,0,30,15,↘ South/East,2,1,6.0,18.181818181818183,1.0,19.181818181818183,6.909090909090909,15.636363636363637,6388.272727272727,11.727272727272727,0.1465909090909091
Parallel attack,0,30,15,↘ South/East,6,0,6.0,10.636363636363637,1.0,11.636363636363637,5.090909090909091,8.181818181818182,6394.090909090909,5.909090909090909,0.07386363636363637
Parallel attack,0,30,15,↘ South/East,6,1,6.545454545454546,30.0,1.0,31.0,8.090909090909092,14.0,6381.181818181818,18.818181818181817,0.23522727272727273
Parallel attack,0,30,15,↙ South/West,1,0,6.0,3.8181818181818183,1.0,4.818181818181818,2.5454545454545454,2.727272727272727,6398.818181818182,1.1818181818181819,0.014772727272727272
Parallel attack,0,30,15,↙ South/West,1,1,6.0,17.181818181818183,1.0,18.181818181818183,6.636363636363637,17.181818181818183,6388.363636363636,11.636363636363637,0.14545454545454548
Parallel attack,0,30,15,↙ South/West,2,0,6.0,4.090909090909091,1.0,5.090909090909091,2.6363636363636362,3.0,6398.545454545455,1.4545454545454546,0.018181818181818184
Parallel attack,0,30,15,↙ South/West,2,1,6.0,21.454545454545453,1.0,22.454545454545453,8.363636363636363,21.363636363636363,6385.818181818182,14.181818181818182,0.17727272727272728
Parallel attack,0,30,15,↙ South/West,6,0,6.0,11.090909090909092,1.0,12.090909090909092,5.0,7.2727272727272725,6394.363636363636,5.636363636363637,0.07045454545454545
Parallel attack,0,30,15,↙ South/West,6,1,6.0,21.181818181818183,1.0,22.181818181818183,7.454545454545454,15.363636363636363,6386.272727272727,13.727272727272727,0.1715909090909091
Parallel attack,0,30,20,↖ North/West,1,0,6.0,4.2727272727272725,1.0,5.2727272727272725,3.272727272727273,3.1818181818181817,6398.909090909091,1.0909090909090908,0.01363636363636364
Parallel attack,0,30,20,↖ North/West,1,1,6.0,12.545454545454545,1.0,13.545454545454545,5.7272727272727275,12.363636363636363,6392.090909090909,7.909090909090909,0.09886363636363636
Parallel attack,0,30,20,↖ North/West,2,0,6.0,3.4545454545454546,1.0,4.454545454545454,2.4545454545454546,2.4545454545454546,6399.0,1.0,0.0125
Parallel attack,0,30,20,↖ North/West,2,1,6.0,12.909090909090908,1.0,13.909090909090908,6.0,12.727272727272727,6392.272727272727,7.7272727272727275,0.09659090909090909
Parallel attack,0,30,20,↖ North/West,6,0,6.0,4.545454545454546,1.0,5.545454545454546,2.909090909090909,3.909090909090909,6397.818181818182,2.1818181818181817,0.02727272727272727
Parallel attack,0,30,20,↖ North/West,6,1,6.0,12.363636363636363,1.0,13.363636363636363,5.545454545454546,11.363636363636363,6392.727272727273,7.2727272727272725,0.09090909090909091
Parallel attack,0,30,20,↗ North/East,1,0,6.0,4.0,1.0,5.0,2.8181818181818183,2.8181818181818183,6399.0,1.0,0.0125
Parallel attack,0,30,20,↗ North/East,1,1,6.0,11.727272727272727,1.0,12.727272727272727,5.545454545454546,11.454545454545455,6393.090909090909,6.909090909090909,0.08636363636363636
Parallel attack,0,30,20,↗ North/East,2,0,6.0,3.6363636363636362,1.0,4.636363636363637,2.727272727272727,3.0,6398.727272727273,1.2727272727272727,0.01590909090909091
Parallel attack,0,30,20,↗ North/East,2,1,6.0,11.545454545454545,1.0,12.545454545454545,5.545454545454546,11.363636363636363,6393.181818181818,6.818181818181818,0.08522727272727272
Parallel attack,0,30,20,↗ North/East,6,0,6.0,5.818181818181818,1.0,6.818181818181818,3.727272727272727,5.0,6397.454545454545,2.5454545454545454,0.03181818181818182
Parallel attack,0,30,20,↗ North/East,6,1,6.0,13.909090909090908,1.0,14.909090909090908,5.909090909090909,11.363636363636363,6391.454545454545,8.545454545454545,0.10681818181818183
Parallel attack,0,30,20,↘ South/East,1,0,6.0,3.272727272727273,1.0,4.2727272727272725,2.6363636363636362,2.5454545454545454,6398.909090909091,1.0909090909090908,0.01363636363636364
Parallel attack,0,30,20,↘ South/East,1,1,6.0,13.636363636363637,1.0,14.636363636363637,6.2727272727272725,13.181818181818182,6392.0,8.0,0.1
Parallel attack,0,30,20,↘ South/East,2,0,6.0,3.6363636363636362,1.0,4.636363636363637,2.5454545454545454,2.5454545454545454,6399.0,1.0,0.0125
Parallel attack,0,30,20,↘ South/East,2,1,6.0,11.727272727272727,1.0,12.727272727272727,5.545454545454546,11.454545454545455,6393.0,7.0,0.08750000000000001
Parallel attack,0,30,20,↘ South/East,6,0,6.0,6.7272727272727275,1.0,7.7272727272727275,3.6363636363636362,5.2727272727272725,6396.909090909091,3.090909090909091,0.03863636363636364
Parallel attack,0,30,20,↘ South/East,6,1,6.0,13.909090909090908,1.0,14.909090909090908,6.363636363636363,12.181818181818182,6391.818181818182,8.181818181818182,0.10227272727272728
Parallel attack,0,30,20,↙ South/West,1,0,6.0,3.1818181818181817,1.0,4.181818181818182,2.6363636363636362,2.6363636363636362,6399.0,1.0,0.0125
Parallel attack,0,30,20,↙ South/West,1,1,6.0,13.272727272727273,1.0,14.272727272727273,5.818181818181818,12.454545454545455,6392.090909090909,7.909090909090909,0.09886363636363636
Parallel attack,0,30,20,↙ South/West,2,0,6.0,3.6363636363636362,1.0,4.636363636363637,2.4545454545454546,2.5454545454545454,6398.909090909091,1.0909090909090908,0.01363636363636364
Parallel attack,0,30,20,↙ South/West,2,1,6.0,12.636363636363637,1.0,13.636363636363637,5.545454545454546,12.181818181818182,6392.181818181818,7.818181818181818,0.09772727272727272
Parallel attack,0,30,20,↙ South/West,6,0,6.0,6.2727272727272725,1.0,7.2727272727272725,3.727272727272727,5.7272727272727275,6397.0,3.0,0.037500000000000006
Parallel attack,0,30,20,↙ South/West,6,1,6.0,14.545454545454545,1.0,15.545454545454545,6.636363636363637,12.909090909090908,6391.0,9.0,0.1125
Parallel attack,0,30,25,↖ North/West,1,0,6.0,3.727272727272727,1.0,4.7272727272727275,2.727272727272727,2.727272727272727,6399.0,1.0,0.0125
Parallel attack,0,30,25,↖ North/West,1,1,6.0,8.090909090909092,1.0,9.090909090909092,4.909090909090909,7.636363636363637,6396.272727272727,3.727272727272727,0.046590909090909086
Parallel attack,0,30,25,↖ North/West,2,0,6.0,3.6363636363636362,1.0,4.636363636363637,2.8181818181818183,2.727272727272727,6398.909090909091,1.0909090909090908,0.01363636363636364
Parallel attack,0,30,25,↖ North/West,2,1,6.0,7.181818181818182,1.0,8.181818181818182,4.090909090909091,6.454545454545454,6396.636363636364,3.3636363636363638,0.042045454545454546
Parallel attack,0,30,25,↖ North/West,6,0,6.0,3.909090909090909,1.0,4.909090909090909,2.909090909090909,2.8181818181818183,6398.818181818182,1.1818181818181819,0.014772727272727272
Parallel attack,0,30,25,↖ North/West,6,1,6.0,7.454545454545454,1.0,8.454545454545455,4.545454545454546,7.181818181818182,6396.090909090909,3.909090909090909,0.04886363636363636
Parallel attack,0,30,25,↗ North/East,1,0,6.0,3.3636363636363638,1.0,4.363636363636363,2.3636363636363638,2.3636363636363638,6399.0,1.0,0.0125
Parallel attack,0,30,25,↗ North/East,1,1,6.0,6.636363636363637,1.0,7.636363636363637,3.909090909090909,6.090909090909091,6396.727272727273,3.272727272727273,0.04090909090909091
Parallel attack,0,30,25,↗ North/East,2,0,6.0,3.1818181818181817,1.0,4.181818181818182,2.8181818181818183,2.8181818181818183,6399.0,1.0,0.0125
Parallel attack,0,30,25,↗ North/East,2,1,6.0,7.2727272727272725,1.0,8.272727272727273,3.8181818181818183,6.636363636363637,6396.181818181818,3.8181818181818183,0.04772727272727273
Parallel attack,0,30,25,↗ North/East,6,0,6.0,4.363636363636363,1.0,5.363636363636363,3.1818181818181817,3.272727272727273,6398.545454545455,1.4545454545454546,0.018181818181818184
Parallel attack,0,30,25,↗ North/East,6,1,6.0,6.454545454545454,1.0,7.454545454545454,3.727272727272727,6.0,6396.727272727273,3.272727272727273,0.04090909090909091
Parallel attack,0,30,25,↘ South/East,1,0,6.0,3.4545454545454546,1.0,4.454545454545454,2.4545454545454546,2.4545454545454546,6399.0,1.0,0.0125
Parallel attack,0,30,25,↘ South/East,1,1,6.0,7.545454545454546,1.0,8.545454545454545,4.181818181818182,7.090909090909091,6396.090909090909,3.909090909090909,0.04886363636363636
Parallel attack,0,30,25,↘ South/East,2,0,6.0,3.3636363636363638,1.0,4.363636363636363,2.727272727272727,2.727272727272727,6399.0,1.0,0.0125
Parallel attack,0,30,25,↘ South/East,2,1,6.0,7.181818181818182,1.0,8.181818181818182,4.0,6.545454545454546,6396.454545454545,3.5454545454545454,0.04431818181818182
Parallel attack,0,30,25,↘ South/East,6,0,6.0,5.545454545454546,1.0,6.545454545454546,3.3636363636363638,3.727272727272727,6398.272727272727,1.7272727272727273,0.02159090909090909
Parallel attack,0,30,25,↘ South/East,6,1,6.0,6.2727272727272725,1.0,7.2727272727272725,3.8181818181818183,5.818181818181818,6397.0,3.0,0.0375
Parallel attack,0,30,25,↙ South/West,1,0,6.0,3.5454545454545454,1.0,4.545454545454546,2.727272727272727,2.727272727272727,6399.0,1.0,0.0125
Parallel attack,0,30,25,↙ South/West,1,1,6.0,7.181818181818182,1.0,8.181818181818182,4.181818181818182,6.7272727272727275,6396.454545454545,3.5454545454545454,0.04431818181818182
Parallel attack,0,30,25,↙ South/West,2,0,6.0,2.6363636363636362,1.0,3.6363636363636362,2.0,2.0,6399.0,1.0,0.0125
Parallel attack,0,30,25,↙ South/West,2,1,6.0,8.0,1.0,9.0,4.636363636363637,7.545454545454546,6396.0,4.0,0.05
Parallel attack,0,30,25,↙ South/West,6,0,6.0,4.0,1.0,5.0,2.8181818181818183,3.0,6398.727272727273,1.2727272727272727,0.01590909090909091
Parallel attack,0,30,25,↙ South/West,6,1,6.0,7.181818181818182,1.0,8.181818181818182,4.0,6.363636363636363,6396.545454545455,3.4545454545454546,0.04318181818181818
Parallel attack,0,30,30,↖ North/West,1,0,6.0,3.3636363636363638,1.0,4.363636363636363,2.4545454545454546,2.4545454545454546,6399.0,1.0,0.0125
Parallel attack,0,30,30,↖ North/West,1,1,6.0,7.818181818181818,1.0,8.818181818181818,4.454545454545454,7.090909090909091,6396.363636363636,3.6363636363636362,0.045454545454545456
Parallel attack,0,30,30,↖ North/West,2,0,6.0,3.5454545454545454,1.0,4.545454545454546,2.909090909090909,2.909090909090909,6399.0,1.0,0.0125
Parallel attack,0,30,30,↖ North/West,2,1,6.0,6.545454545454546,1.0,7.545454545454546,3.6363636363636362,6.0,6396.636363636364,3.3636363636363638,0.042045454545454546
Parallel attack,0,30,30,↖ North/West,6,0,6.0,3.6363636363636362,1.0,4.636363636363637,2.6363636363636362,2.6363636363636362,6399.0,1.0,0.0125
Parallel attack,0,30,30,↖ North/West,6,1,6.0,7.909090909090909,1.0,8.909090909090908,4.363636363636363,7.363636363636363,6396.0,4.0,0.05
Parallel attack,0,30,30,↗ North/East,1,0,6.0,3.5454545454545454,1.0,4.545454545454546,2.4545454545454546,2.4545454545454546,6399.0,1.0,0.0125
Parallel attack,0,30,30,↗ North/East,1,1,6.0,7.0,1.0,8.0,4.2727272727272725,6.545454545454546,6396.727272727273,3.272727272727273,0.04090909090909091
Parallel attack,0,30,30,↗ North/East,2,0,6.0,3.5454545454545454,1.0,4.545454545454546,2.3636363636363638,2.3636363636363638,6399.0,1.0,0.0125
Parallel attack,0,30,30,↗ North/East,2,1,6.0,6.7272727272727275,1.0,7.7272727272727275,4.0,6.2727272727272725,6396.636363636364,3.3636363636363638,0.042045454545454546
Parallel attack,0,30,30,↗ North/East,6,0,6.0,4.7272727272727275,1.0,5.7272727272727275,3.1818181818181817,3.090909090909091,6398.636363636364,1.3636363636363635,0.017045454545454544
Parallel attack,0,30,30,↗ North/East,6,1,6.0,8.0,1.0,9.0,4.454545454545454,7.363636363636363,6396.090909090909,3.909090909090909,0.04886363636363636
Parallel attack,0,30,30,↘ South/East,1,0,6.0,3.5454545454545454,1.0,4.545454545454546,2.4545454545454546,2.4545454545454546,6399.0,1.0,0.0125
Parallel attack,0,30,30,↘ South/East,1,1,6.0,7.0,1.0,8.0,3.8181818181818183,6.2727272727272725,6396.454545454545,3.5454545454545454,0.04431818181818182
Parallel attack,0,30,30,↘ South/East,2,0,6.0,3.1818181818181817,1.0,4.181818181818182,2.090909090909091,2.090909090909091,6399.0,1.0,0.0125
Parallel attack,0,30,30,↘ South/East,2,1,6.0,8.0,1.0,9.0,4.363636363636363,7.2727272727272725,6396.090909090909,3.909090909090909,0.04886363636363636
Parallel attack,0,30,30,↘ South/East,6,0,6.0,3.0,1.0,4.0,2.4545454545454546,2.4545454545454546,6399.0,1.0,0.0125
Parallel attack,0,30,30,↘ South/East,6,1,6.0,6.636363636363637,1.0,7.636363636363637,3.909090909090909,6.181818181818182,6396.636363636364,3.3636363636363638,0.042045454545454546
Parallel attack,0,30,30,↙ South/West,1,0,6.0,3.090909090909091,1.0,4.090909090909091,2.1818181818181817,2.1818181818181817,6399.0,1.0,0.0125
Parallel attack,0,30,30,↙ South/West,1,1,6.0,7.2727272727272725,1.0,8.272727272727273,4.181818181818182,6.2727272727272725,6396.909090909091,3.090909090909091,0.038636363636363635
Parallel attack,0,30,30,↙ South/West,2,0,6.0,3.090909090909091,1.0,4.090909090909091,2.6363636363636362,2.6363636363636362,6399.0,1.0,0.0125
Parallel attack,0,30,30,↙ South/West,2,1,6.0,6.636363636363637,1.0,7.636363636363637,3.5454545454545454,6.090909090909091,6396.454545454545,3.5454545454545454,0.04431818181818182
Parallel attack,0,30,30,↙ South/West,6,0,6.0,3.272727272727273,1.0,4.2727272727272725,2.3636363636363638,2.3636363636363638,6399.0,1.0,0.0125
Parallel attack,0,30,30,↙ South/West,6,1,6.0,7.181818181818182,1.0,8.181818181818182,3.909090909090909,6.363636363636363,6396.545454545455,3.4545454545454546,0.04318181818181818
Parallel attack,0,50,15,↖ North/West,1,0,6.0,3.272727272727273,1.0,4.2727272727272725,2.4545454545454546,2.5454545454545454,6399.0,1.0,0.0125
Parallel attack,0,50,15,↖ North/West,1,1,6.0,14.272727272727273,1.0,15.272727272727273,5.0,11.909090909090908,6390.636363636364,9.363636363636363,0.11704545454545454
Parallel attack,0,50,15,↖ North/West,2,0,6.0,3.727272727272727,1.0,4.7272727272727275,2.727272727272727,2.727272727272727,6399.0,1.0,0.0125
Parallel attack,0,50,15,↖ North/West,2,1,6.0,18.545454545454547,1.0,19.545454545454547,6.454545454545454,15.090909090909092,6388.272727272727,11.727272727272727,0.1465909090909091
Parallel attack,0,50,15,↖ North/West,6,0,6.0,6.090909090909091,1.0,7.090909090909091,3.727272727272727,4.7272727272727275,6396.909090909091,3.090909090909091,0.038636363636363635
Parallel attack,0,50,15,↖ North/West,6,1,6.0,17.727272727272727,1.0,18.727272727272727,6.181818181818182,15.181818181818182,6388.727272727273,11.272727272727273,0.1409090909090909
Parallel attack,0,50,15,↗ North/East,1,0,6.0,3.272727272727273,1.0,4.2727272727272725,2.727272727272727,2.727272727272727,6399.0,1.0,0.0125
Parallel attack,0,50,15,↗ North/East,1,1,6.0,13.181818181818182,1.0,14.181818181818182,5.545454545454546,8.545454545454545,6391.636363636364,8.363636363636363,0.10454545454545454
Parallel attack,0,50,15,↗ North/East,2,0,6.0,3.0,1.0,4.0,2.1818181818181817,2.1818181818181817,6399.0,1.0,0.0125
Parallel attack,0,50,15,↗ North/East,2,1,6.0,14.636363636363637,1.0,15.636363636363637,6.363636363636363,9.454545454545455,6390.909090909091,9.090909090909092,0.11363636363636363
Parallel attack,0,50,15,↗ North/East,6,0,6.0,7.2727272727272725,1.0,8.272727272727273,3.909090909090909,5.636363636363637,6396.454545454545,3.5454545454545454,0.04431818181818182
Parallel attack,0,50,15,↗ North/East,6,1,6.0,13.181818181818182,1.0,14.181818181818182,5.363636363636363,9.545454545454545,6391.272727272727,8.727272727272727,0.10909090909090909
Parallel attack,0,50,15,↘ South/East,1,0,6.0,3.4545454545454546,1.0,4.454545454545454,2.4545454545454546,2.4545454545454546,6399.0,1.0,0.0125
Parallel attack,0,50,15,↘ South/East,1,1,6.0,16.09090909090909,1.0,17.09090909090909,5.909090909090909,12.909090909090908,6389.181818181818,10.818181818181818,0.13522727272727272
Parallel attack,0,50,15,↘ South/East,2,0,6.0,3.090909090909091,1.0,4.090909090909091,2.3636363636363638,2.3636363636363638,6399.0,1.0,0.0125
Parallel attack,0,50,15,↘ South/East,2,1,6.0,16.636363636363637,1.0,17.636363636363637,6.181818181818182,14.454545454545455,6389.545454545455,10.454545454545455,0.13068181818181818
Parallel attack,0,50,15,↘ South/East,6,0,6.0,7.636363636363637,1.0,8.636363636363637,3.909090909090909,5.454545454545454,6396.818181818182,3.1818181818181817,0.03977272727272727
Parallel attack,0,50,15,↘ South/East,6,1,6.0,17.818181818181817,1.0,18.818181818181817,6.454545454545454,15.454545454545455,6388.636363636364,11.363636363636363,0.14204545454545456
Parallel attack,0,50,15,↙ South/West,1,0,6.0,3.3636363636363638,1.0,4.363636363636363,2.6363636363636362,2.6363636363636362,6399.0,1.0,0.0125
Parallel attack,0,50,15,↙ South/West,1,1,6.0,19.818181818181817,1.0,20.818181818181817,8.090909090909092,19.636363636363637,6387.454545454545,12.545454545454545,0.15681818181818183
Parallel attack,0,50,15,↙ South/West,2,0,6.0,3.090909090909091,1.0,4.090909090909091,2.5454545454545454,2.5454545454545454,6399.0,1.0,0.0125
Parallel attack,0,50,15,↙ South/West,2,1,6.0,19.727272727272727,1.0,20.727272727272727,7.818181818181818,19.545454545454547,6387.090909090909,12.909090909090908,0.16136363636363638
Parallel attack,0,50,15,↙ South/West,6,0,6.0,6.2727272727272725,1.0,7.2727272727272725,3.727272727272727,5.0,6397.181818181818,2.8181818181818183,0.035227272727272725
Parallel attack,0,50,15,↙ South/West,6,1,6.0,20.181818181818183,1.0,21.181818181818183,7.818181818181818,20.09090909090909,6386.363636363636,13.636363636363637,0.17045454545454544
Parallel attack,0,50,20,↖ North/West,1,0,6.0,4.0,1.0,5.0,2.909090909090909,2.909090909090909,6399.0,1.0,0.0125
Parallel attack,0,50,20,↖ North/West,1,1,6.0,13.454545454545455,1.0,14.454545454545455,5.909090909090909,12.909090909090908,6392.0,8.0,0.1
Parallel attack,0,50,20,↖ North/West,2,0,6.0,3.3636363636363638,1.0,4.363636363636363,2.727272727272727,2.727272727272727,6399.0,1.0,0.0125
Parallel attack,0,50,20,↖ North/West,2,1,6.0,14.272727272727273,1.0,15.272727272727273,6.545454545454546,14.0,6391.545454545455,8.454545454545455,0.1056818181818182
Parallel attack,0,50,20,↖ North/West,6,0,6.0,4.454545454545454,1.0,5.454545454545454,3.272727272727273,3.6363636363636362,6398.636363636364,1.3636363636363635,0.017045454545454544
Parallel attack,0,50,20,↖ North/West,6,1,6.0,12.727272727272727,1.0,13.727272727272727,5.454545454545454,12.363636363636363,6392.0,8.0,0.1
Parallel attack,0,50,20,↗ North/East,1,0,6.0,3.5454545454545454,1.0,4.545454545454546,2.5454545454545454,2.5454545454545454,6399.0,1.0,0.0125
Parallel attack,0,50,20,↗ North/East,1,1,6.0,13.181818181818182,1.0,14.181818181818182,6.181818181818182,13.090909090909092,6392.0,8.0,0.1
Parallel attack,0,50,20,↗ North/East,2,0,6.0,3.8181818181818183,1.0,4.818181818181818,3.0,3.0,6399.0,1.0,0.0125
Parallel attack,0,50,20,↗ North/East,2,1,6.0,14.818181818181818,1.0,15.818181818181818,6.363636363636363,14.272727272727273,6391.090909090909,8.909090909090908,0.11136363636363637
Parallel attack,0,50,20,↗ North/East,6,0,6.0,4.454545454545454,1.0,5.454545454545454,3.0,3.4545454545454546,6398.545454545455,1.4545454545454546,0.018181818181818184
Parallel attack,0,50,20,↗ North/East,6,1,6.0,14.272727272727273,1.0,15.272727272727273,6.363636363636363,13.636363636363637,6391.727272727273,8.272727272727273,0.10340909090909091
Parallel attack,0,50,20,↘ South/East,1,0,6.0,3.1818181818181817,1.0,4.181818181818182,2.4545454545454546,2.4545454545454546,6399.0,1.0,0.0125
Parallel attack,0,50,20,↘ South/East,1,1,6.0,13.545454545454545,1.0,14.545454545454545,6.545454545454546,13.0,6392.545454545455,7.454545454545454,0.09318181818181817
Parallel attack,0,50,20,↘ South/East,2,0,6.0,3.4545454545454546,1.0,4.454545454545454,2.4545454545454546,2.4545454545454546,6399.0,1.0,0.0125
Parallel attack,0,50,20,↘ South/East,2,1,6.0,13.090909090909092,1.0,14.090909090909092,6.090909090909091,12.727272727272727,6392.090909090909,7.909090909090909,0.09886363636363636
Parallel attack,0,50,20,↘ South/East,6,0,6.0,3.4545454545454546,1.0,4.454545454545454,2.6363636363636362,2.5454545454545454,6398.909090909091,1.0909090909090908,0.01363636363636364
Parallel attack,0,50,20,↘ South/East,6,1,6.0,13.545454545454545,1.0,14.545454545454545,6.181818181818182,13.181818181818182,6391.909090909091,8.090909090909092,0.10113636363636364
Parallel attack,0,50,20,↙ South/West,1,0,6.0,2.909090909090909,1.0,3.909090909090909,2.4545454545454546,2.4545454545454546,6399.0,1.0,0.0125
Parallel attack,0,50,20,↙ South/West,1,1,6.0,12.545454545454545,1.0,13.545454545454545,5.636363636363637,12.363636363636363,6392.272727272727,7.7272727272727275,0.09659090909090909
Parallel attack,0,50,20,↙ South/West,2,0,6.0,3.8181818181818183,1.0,4.818181818181818,2.8181818181818183,2.909090909090909,6399.0,1.0,0.0125
Parallel attack,0,50,20,↙ South/West,2,1,6.0,11.636363636363637,1.0,12.636363636363637,5.545454545454546,11.181818181818182,6393.363636363636,6.636363636363637,0.08295454545454545
Parallel attack,0,50,20,↙ South/West,6,0,6.0,3.727272727272727,1.0,4.7272727272727275,2.5454545454545454,2.727272727272727,6398.545454545455,1.4545454545454546,0.018181818181818184
Parallel attack,0,50,20,↙ South/West,6,1,6.0,12.636363636363637,1.0,13.636363636363637,5.454545454545454,12.181818181818182,6392.181818181818,7.818181818181818,0.09772727272727272
Parallel attack,0,50,25,↖ North/West,1,0,6.0,3.5454545454545454,1.0,4.545454545454546,2.8181818181818183,2.8181818181818183,6399.0,1.0,0.0125
Parallel attack,0,50,25,↖ North/West,1,1,6.0,7.2727272727272725,1.0,8.272727272727273,4.363636363636363,6.818181818181818,6396.454545454545,3.5454545454545454,0.04431818181818182
Parallel attack,0,50,25,↖ North/West,2,0,6.0,3.8181818181818183,1.0,4.818181818181818,2.909090909090909,2.909090909090909,6399.0,1.0,0.0125
Parallel attack,0,50,25,↖ North/West,2,1,6.0,8.0,1.0,9.0,4.636363636363637,7.636363636363637,6396.0,4.0,0.05
Parallel attack,0,50,25,↖ North/West,6,0,6.0,3.5454545454545454,1.0,4.545454545454546,2.727272727272727,2.727272727272727,6399.0,1.0,0.0125
Parallel attack,0,50,25,↖ North/West,6,1,6.0,7.181818181818182,1.0,8.181818181818182,4.363636363636363,6.818181818181818,6396.545454545455,3.4545454545454546,0.04318181818181818
Parallel attack,0,50,25,↗ North/East,1,0,6.0,3.727272727272727,1.0,4.7272727272727275,2.5454545454545454,2.5454545454545454,6399.0,1.0,0.0125
Parallel attack,0,50,25,↗ North/East,1,1,6.0,7.636363636363637,1.0,8.636363636363637,4.363636363636363,6.909090909090909,6396.454545454545,3.5454545454545454,0.04431818181818182
Parallel attack,0,50,25,↗ North/East,2,0,6.0,3.272727272727273,1.0,4.2727272727272725,2.4545454545454546,2.4545454545454546,6399.0,1.0,0.0125
Parallel attack,0,50,25,↗ North/East,2,1,6.0,6.636363636363637,1.0,7.636363636363637,3.8181818181818183,6.2727272727272725,6396.545454545455,3.4545454545454546,0.04318181818181818
Parallel attack,0,50,25,↗ North/East,6,0,6.0,3.727272727272727,1.0,4.7272727272727275,2.909090909090909,2.909090909090909,6399.0,1.0,0.0125
Parallel attack,0,50,25,↗ North/East,6,1,6.0,5.818181818181818,1.0,6.818181818181818,3.4545454545454546,5.454545454545454,6397.0,3.0,0.0375
Parallel attack,0,50,25,↘ South/East,1,0,6.0,3.8181818181818183,1.0,4.818181818181818,2.4545454545454546,2.4545454545454546,6399.0,1.0,0.0125
Parallel attack,0,50,25,↘ South/East,1,1,6.0,7.909090909090909,1.0,8.909090909090908,4.363636363636363,7.2727272727272725,6396.0,4.0,0.05
Parallel attack,0,50,25,↘ South/East,2,0,6.0,3.272727272727273,1.0,4.2727272727272725,2.1818181818181817,2.1818181818181817,6399.0,1.0,0.0125
Parallel attack,0,50,25,↘ South/East,2,1,6.0,7.0,1.0,8.0,4.363636363636363,6.7272727272727275,6396.545454545455,3.4545454545454546,0.04318181818181818
Parallel attack,0,50,25,↘ South/East,6,0,6.0,4.0,1.0,5.0,2.6363636363636362,2.727272727272727,6398.727272727273,1.2727272727272727,0.01590909090909091
Parallel attack,0,50,25,↘ South/East,6,1,6.0,6.454545454545454,1.0,7.454545454545454,3.6363636363636362,5.909090909090909,6396.727272727273,3.272727272727273,0.04090909090909091
Parallel attack,0,50,25,↙ South/West,1,0,6.0,3.272727272727273,1.0,4.2727272727272725,2.909090909090909,2.909090909090909,6399.0,1.0,0.0125
Parallel attack,0,50,25,↙ South/West,1,1,6.0,7.909090909090909,1.0,8.909090909090908,4.909090909090909,7.363636363636363,6396.545454545455,3.4545454545454546,0.04318181818181818
Parallel attack,0,50,25,↙ South/West,2,0,6.0,3.272727272727273,1.0,4.2727272727272725,2.5454545454545454,2.5454545454545454,6399.0,1.0,0.0125
Parallel attack,0,50,25,↙ South/West,2,1,6.0,7.181818181818182,1.0,8.181818181818182,4.090909090909091,6.7272727272727275,6396.272727272727,3.727272727272727,0.0465909090909091
Parallel attack,0,50,25,↙ South/West,6,0,6.0,3.3636363636363638,1.0,4.363636363636363,2.4545454545454546,2.4545454545454546,6399.0,1.0,0.0125
Parallel attack,0,50,25,↙ South/West,6,1,6.0,6.909090909090909,1.0,7.909090909090909,3.909090909090909,6.363636363636363,6396.454545454545,3.5454545454545454,0.04431818181818182
Parallel attack,0,50,30,↖ North/West,1,0,6.0,3.6363636363636362,1.0,4.636363636363637,3.090909090909091,3.090909090909091,6399.0,1.0,0.0125
Parallel attack,0,50,30,↖ North/West,1,1,6.0,6.363636363636363,1.0,7.363636363636363,3.5454545454545454,6.090909090909091,6396.363636363636,3.6363636363636362,0.045454545454545456
Parallel attack,0,50,30,↖ North/West,2,0,6.0,3.8181818181818183,1.0,4.818181818181818,3.090909090909091,3.090909090909091,6399.0,1.0,0.0125
Parallel attack,0,50,30,↖ North/West,2,1,6.0,7.2727272727272725,1.0,8.272727272727273,4.545454545454546,7.0,6396.545454545455,3.4545454545454546,0.04318181818181818
Parallel attack,0,50,30,↖ North/West,6,0,6.0,3.727272727272727,1.0,4.7272727272727275,2.909090909090909,2.909090909090909,6399.0,1.0,0.0125
Parallel attack,0,50,30,↖ North/West,6,1,6.0,7.454545454545454,1.0,8.454545454545455,4.181818181818182,6.7272727272727275,6396.272727272727,3.727272727272727,0.046590909090909086
Parallel attack,0,50,30,↗ North/East,1,0,6.0,3.6363636363636362,1.0,4.636363636363637,2.6363636363636362,2.6363636363636362,6399.0,1.0,0.0125
Parallel attack,0,50,30,↗ North/East,1,1,6.0,6.454545454545454,1.0,7.454545454545454,3.6363636363636362,5.909090909090909,6396.727272727273,3.272727272727273,0.04090909090909091
Parallel attack,0,50,30,↗ North/East,2,0,6.0,3.272727272727273,1.0,4.2727272727272725,2.4545454545454546,2.4545454545454546,6399.0,1.0,0.0125
Parallel attack,0,50,30,↗ North/East,2,1,6.0,6.636363636363637,1.0,7.636363636363637,3.909090909090909,6.181818181818182,6396.727272727273,3.272727272727273,0.04090909090909091
Parallel attack,0,50,30,↗ North/East,6,0,6.0,2.727272727272727,1.0,3.727272727272727,2.0,2.0,6399.0,1.0,0.0125
Parallel attack,0,50,30,↗ North/East,6,1,6.0,7.818181818181818,1.0,8.818181818181818,4.181818181818182,7.0,6396.181818181818,3.8181818181818183,0.04772727272727273
Parallel attack,0,50,30,↘ South/East,1,0,6.0,4.090909090909091,1.0,5.090909090909091,2.909090909090909,2.909090909090909,6399.0,1.0,0.0125
Parallel attack,0,50,30,↘ South/East,1,1,6.0,7.181818181818182,1.0,8.181818181818182,4.0,6.7272727272727275,6396.272727272727,3.727272727272727,0.0465909090909091
Parallel attack,0,50,30,↘ South/East,2,0,6.0,3.4545454545454546,1.0,4.454545454545454,2.5454545454545454,2.5454545454545454,6399.0,1.0,0.0125
Parallel attack,0,50,30,↘ South/East,2,1,6.0,7.909090909090909,1.0,8.909090909090908,4.909090909090909,7.818181818181818,6395.909090909091,4.090909090909091,0.05113636363636364
Parallel attack,0,50,30,↘ South/East,6,0,6.0,3.5454545454545454,1.0,4.545454545454546,2.6363636363636362,2.6363636363636362,6399.0,1.0,0.0125
Parallel attack,0,50,30,↘ South/East,6,1,6.0,7.181818181818182,1.0,8.181818181818182,4.454545454545454,6.7272727272727275,6396.636363636364,3.3636363636363638,0.042045454545454546
Parallel attack,0,50,30,↙ South/West,1,0,6.0,3.1818181818181817,1.0,4.181818181818182,2.272727272727273,2.272727272727273,6399.0,1.0,0.0125
Parallel attack,0,50,30,↙ South/West,1,1,6.0,8.818181818181818,1.0,9.818181818181818,5.181818181818182,8.272727272727273,6395.909090909091,4.090909090909091,0.05113636363636364
Parallel attack,0,50,30,↙ South/West,2,0,6.0,3.8181818181818183,1.0,4.818181818181818,2.4545454545454546,2.4545454545454546,6399.0,1.0,0.0125
Parallel attack,0,50,30,↙ South/West,2,1,6.0,7.818181818181818,1.0,8.818181818181818,4.2727272727272725,7.090909090909091,6396.181818181818,3.8181818181818183,0.04772727272727273
Parallel attack,0,50,30,↙ South/West,6,0,6.0,3.727272727272727,1.0,4.7272727272727275,2.8181818181818183,2.8181818181818183,6399.0,1.0,0.0125
Parallel attack,0,50,30,↙ South/West,6,1,6.0,6.909090909090909,1.0,7.909090909090909,4.181818181818182,6.818181818181818,6396.272727272727,3.727272727272727,0.046590909090909086
Parallel attack,1,10,15,↖ North/West,1,0,6.0,6.0,1.0,107.0,3.4545454545454546,4.2727272727272725,6397.636363636364,2.3636363636363638,0.029545454545454545
Parallel attack,1,10,15,↖ North/West,1,1,6.0,6.2727272727272725,1.0,107.27272727272727,3.5454545454545454,5.090909090909091,6396.636363636364,3.3636363636363638,0.042045454545454546
Parallel attack,1,10,15,↖ North/West,2,0,6.0,13.727272727272727,1.0,114.72727272727273,5.090909090909091,6.909090909090909,6391.545454545455,8.454545454545455,0.1056818181818182
Parallel attack,1,10,15,↖ North/West,2,1,6.090909090909091,17.545454545454547,1.0,118.54545454545455,5.909090909090909,8.454545454545455,6388.454545454545,11.545454545454545,0.14431818181818182
Parallel attack,1,10,15,↖ North/West,6,0,74.0909090909091,225.36363636363637,2380.6363636363635,2706.0,22.363636363636363,8.181818181818182,3761.5454545454545,2638.4545454545455,32.980681818181814
Parallel attack,1,10,15,↖ North/West,6,1,98.72727272727273,270.3636363636364,2994.818181818182,3365.181818181818,23.727272727272727,9.545454545454545,3094.6363636363635,3305.3636363636365,41.31704545454546
Parallel attack,1,10,15,↗ North/East,1,0,6.0,6.2727272727272725,1.0,107.27272727272727,3.8181818181818183,4.0,6397.545454545455,2.4545454545454546,0.030681818181818185
Parallel attack,1,10,15,↗ North/East,1,1,6.0,8.636363636363637,1.0,109.63636363636364,3.909090909090909,5.545454545454546,6395.181818181818,4.818181818181818,0.060227272727272727
Parallel attack,1,10,15,↗ North/East,2,0,6.2727272727272725,13.545454545454545,1.0,114.54545454545455,5.090909090909091,7.181818181818182,6390.818181818182,9.181818181818182,0.11477272727272729
Parallel attack,1,10,15,↗ North/East,2,1,6.090909090909091,18.09090909090909,1.0,119.0909090909091,5.636363636363637,8.454545454545455,6388.727272727273,11.272727272727273,0.1409090909090909
Parallel attack,1,10,15,↗ North/East,6,0,78.54545454545455,237.27272727272728,2548.0,2885.2727272727275,19.90909090909091,8.181818181818182,3581.5454545454545,2818.4545454545455,35.23068181818182
Parallel attack,1,10,15,↗ North/East,6,1,61.45454545454545,204.72727272727272,1255.4545454545455,1560.1818181818182,16.636363636363637,8.0,4924.090909090909,1475.909090909091,18.448863636363637
Parallel attack,1,10,15,↘ South/East,1,0,6.0,8.181818181818182,1.0,109.18181818181819,4.0,5.7272727272727275,6395.909090909091,4.090909090909091,0.05113636363636364
Parallel attack,1,10,15,↘ South/East,1,1,6.0,6.454545454545454,1.0,107.45454545454545,3.5454545454545454,5.0,6397.0,3.0,0.0375
Parallel attack,1,10,15,↘ South/East,2,0,6.0,9.545454545454545,1.0,110.54545454545455,3.727272727272727,5.909090909090909,6394.363636363636,5.636363636363637,0.07045454545454545
Parallel attack,1,10,15,↘ South/East,2,1,6.636363636363637,24.272727272727273,1.1818181818181819,125.45454545454545,6.545454545454546,9.272727272727273,6383.090909090909,16.90909090909091,0.2113636363636364
Parallel attack,1,10,15,↘ South/East,6,0,100.72727272727273,289.8181818181818,3499.181818181818,3889.0,23.90909090909091,8.272727272727273,2564.818181818182,3835.181818181818,47.939772727272725
Parallel attack,1,10,15,↘ South/East,6,1,70.0909090909091,215.0909090909091,1669.0,1984.090909090909,16.636363636363637,8.454545454545455,4495.181818181818,1904.8181818181818,23.810227272727275
Parallel attack,1,10,15,↙ South/West,1,0,6.0,5.818181818181818,1.0,106.81818181818181,3.4545454545454546,3.909090909090909,6397.636363636364,2.3636363636363638,0.029545454545454545
Parallel attack,1,10,15,↙ South/West,1,1,6.0,6.545454545454546,1.0,107.54545454545455,3.727272727272727,4.818181818181818,6396.727272727273,3.272727272727273,0.04090909090909091
Parallel attack,1,10,15,↙ South/West,2,0,6.090909090909091,10.727272727272727,1.0909090909090908,111.81818181818181,4.181818181818182,6.181818181818182,6394.0,6.0,0.075
Parallel attack,1,10,15,↙ South/West,2,1,6.181818181818182,18.0,1.0,119.0,5.454545454545454,7.909090909090909,6389.363636363636,10.636363636363637,0.13295454545454544
Parallel attack,1,10,15,↙ South/West,6,0,74.18181818181819,228.72727272727272,2418.909090909091,2747.6363636363635,22.727272727272727,8.636363636363637,3722.181818181818,2677.818181818182,33.47272727272727
Parallel attack,1,10,15,↙ South/West,6,1,89.45454545454545,298.0,2195.909090909091,2593.909090909091,22.90909090909091,9.363636363636363,3873.818181818182,2526.181818181818,31.577272727272724
Parallel attack,1,10,20,↖ North/West,1,0,6.0,3.6363636363636362,1.0,104.63636363636364,2.5454545454545454,3.090909090909091,6398.363636363636,1.6363636363636365,0.020454545454545454
Parallel attack,1,10,20,↖ North/West,1,1,6.0,5.454545454545454,1.0,106.45454545454545,3.0,3.727272727272727,6398.0,2.0,0.025
Parallel attack,1,10,20,↖ North/West,2,0,6.0,5.363636363636363,1.0,106.36363636363636,3.272727272727273,3.6363636363636362,6397.818181818182,2.1818181818181817,0.02727272727272727
Parallel attack,1,10,20,↖ North/West,2,1,6.0,11.727272727272727,1.0,112.72727272727273,4.545454545454546,6.0,6393.909090909091,6.090909090909091,0.07613636363636364
Parallel attack,1,10,20,↖ North/West,6,0,69.54545454545455,226.63636363636363,1827.3636363636363,2154.0,17.09090909090909,7.909090909090909,4321.545454545455,2078.4545454545455,25.98068181818182
Parallel attack,1,10,20,↖ North/West,6,1,87.18181818181819,263.3636363636364,2522.6363636363635,2886.0,22.0,8.818181818181818,3579.181818181818,2820.818181818182,35.26022727272727
Parallel attack,1,10,20,↗ North/East,1,0,6.0,3.3636363636363638,1.0,104.36363636363636,2.5454545454545454,2.5454545454545454,6399.0,1.0,0.0125
Parallel attack,1,10,20,↗ North/East,1,1,6.0,8.818181818181818,1.0,109.81818181818181,4.2727272727272725,5.7272727272727275,6395.545454545455,4.454545454545454,0.055681818181818186
Parallel attack,1,10,20,↗ North/East,2,0,6.0,4.0,1.0,105.0,2.4545454545454546,3.0,6398.090909090909,1.9090909090909092,0.023863636363636365
Parallel attack,1,10,20,↗ North/East,2,1,6.0,14.181818181818182,1.0,115.18181818181819,5.2727272727272725,7.363636363636363,6392.545454545455,7.454545454545454,0.09318181818181817
Parallel attack,1,10,20,↗ North/East,6,0,87.18181818181819,276.45454545454544,2478.0,2854.4545454545455,26.818181818181817,9.181818181818182,3613.7272727272725,2786.2727272727275,34.82840909090909
Parallel attack,1,10,20,↗ North/East,6,1,77.18181818181819,222.9090909090909,2616.909090909091,2939.818181818182,20.90909090909091,9.363636363636363,3526.2727272727275,2873.7272727272725,35.92159090909091
Parallel attack,1,10,20,↘ South/East,1,0,6.0,5.2727272727272725,1.0,106.27272727272727,3.0,3.5454545454545454,6397.909090909091,2.090909090909091,0.026136363636363635
Parallel attack,1,10,20,↘ South/East,1,1,6.0,4.818181818181818,1.0,105.81818181818181,2.8181818181818183,3.4545454545454546,6397.818181818182,2.1818181818181817,0.02727272727272728
Parallel attack,1,10,20,↘ South/East,2,0,6.0,11.363636363636363,1.0,112.36363636363636,4.7272727272727275,6.818181818181818,6393.636363636364,6.363636363636363,0.07954545454545454
Parallel attack,1,10,20,↘ South/East,2,1,6.090909090909091,12.727272727272727,1.0,113.72727272727273,4.363636363636363,5.818181818181818,6392.727272727273,7.2727272727272725,0.09090909090909091
Parallel attack,1,10,20,↘ South/East,6,0,73.54545454545455,240.0909090909091,1621.2727272727273,1961.3636363636363,18.181818181818183,9.272727272727273,4518.272727272727,1881.7272727272727,23.521590909090904
Parallel attack,1,10,20,↘ South/East,6,1,82.72727272727273,233.27272727272728,2550.6363636363635,2883.909090909091,24.90909090909091,8.545454545454545,3583.090909090909,2816.909090909091,35.21136363636363
Parallel attack,1,10,20,↙ South/West,1,0,6.0,4.2727272727272725,1.0,105.27272727272727,2.727272727272727,3.1818181818181817,6398.272727272727,1.7272727272727273,0.02159090909090909
Parallel attack,1,10,20,↙ South/West,1,1,6.0,4.7272727272727275,1.0,105.72727272727273,2.909090909090909,3.5454545454545454,6398.090909090909,1.9090909090909092,0.023863636363636365
Parallel attack,1,10,20,↙ South/West,2,0,6.0,7.7272727272727275,1.0,108.72727272727273,4.0,5.363636363636363,6395.818181818182,4.181818181818182,0.05227272727272727
Parallel attack,1,10,20,↙ South/West,2,1,6.0,7.545454545454546,1.0,108.54545454545455,3.1818181818181817,4.545454545454546,6395.545454545455,4.454545454545454,0.055681818181818186
Parallel attack,1,10,20,↙ South/West,6,0,51.72727272727273,163.9090909090909,1172.909090909091,1436.8181818181818,16.90909090909091,8.545454545454545,5049.636363636364,1350.3636363636363,16.879545454545454
Parallel attack,1,10,20,↙ South/West,6,1,98.0,307.6363636363636,3401.181818181818,3808.818181818182,23.818181818181817,9.0,2646.909090909091,3753.090909090909,46.91363636363636
Parallel attack,1,10,25,↖ North/West,1,0,6.0,3.3636363636363638,1.0,104.36363636363636,2.5454545454545454,2.5454545454545454,6399.0,1.0,0.0125
Parallel attack,1,10,25,↖ North/West,1,1,6.0,4.2727272727272725,1.0,105.27272727272727,2.727272727272727,3.3636363636363638,6398.363636363636,1.6363636363636365,0.020454545454545454
Parallel attack,1,10,25,↖ North/West,2,0,6.0,7.7272727272727275,1.0,108.72727272727273,3.8181818181818183,4.7272727272727275,6396.727272727273,3.272727272727273,0.04090909090909091
Parallel attack,1,10,25,↖ North/West,2,1,6.0,9.363636363636363,1.0,110.36363636363636,4.363636363636363,5.818181818181818,6395.272727272727,4.7272727272727275,0.05909090909090909
Parallel attack,1,10,25,↖ North/West,6,0,55.09090909090909,150.45454545454547,1935.2727272727273,2185.7272727272725,14.909090909090908,6.090909090909091,4289.090909090909,2110.909090909091,26.386363636363637
Parallel attack,1,10,25,↖ North/West,6,1,94.27272727272727,317.54545454545456,3128.4545454545455,3546.0,24.181818181818183,9.272727272727273,2913.2727272727275,3486.7272727272725,43.584090909090904
Parallel attack,1,10,25,↗ North/East,1,0,6.0,5.454545454545454,1.0,106.45454545454545,3.1818181818181817,3.6363636363636362,6398.545454545455,1.4545454545454546,0.018181818181818184
Parallel attack,1,10,25,↗ North/East,1,1,6.0,5.090909090909091,1.0,106.0909090909091,2.909090909090909,3.090909090909091,6398.181818181818,1.8181818181818181,0.022727272727272728
Parallel attack,1,10,25,↗ North/East,2,0,6.0,4.818181818181818,1.0,105.81818181818181,2.909090909090909,3.727272727272727,6397.545454545455,2.4545454545454546,0.030681818181818185
Parallel attack,1,10,25,↗ North/East,2,1,6.0,7.545454545454546,1.0,108.54545454545455,3.909090909090909,5.0,6396.636363636364,3.3636363636363638,0.042045454545454546
Parallel attack,1,10,25,↗ North/East,6,0,95.0909090909091,343.8181818181818,2475.3636363636365,2919.181818181818,20.90909090909091,8.909090909090908,3549.3636363636365,2850.6363636363635,35.632954545454545
Parallel attack,1,10,25,↗ North/East,6,1,84.0909090909091,261.90909090909093,2134.0,2495.909090909091,17.181818181818183,8.454545454545455,3975.4545454545455,2424.5454545454545,30.306818181818183
Parallel attack,1,10,25,↘ South/East,1,0,6.0,3.727272727272727,1.0,104.72727272727273,2.3636363636363638,2.727272727272727,6398.545454545455,1.4545454545454546,0.018181818181818184
Parallel attack,1,10,25,↘ South/East,1,1,6.0,4.181818181818182,1.0,105.18181818181819,2.6363636363636362,3.1818181818181817,6398.363636363636,1.6363636363636365,0.020454545454545454
Parallel attack,1,10,25,↘ South/East,2,0,6.0,7.090909090909091,1.0,108.0909090909091,3.090909090909091,4.545454545454546,6396.272727272727,3.727272727272727,0.046590909090909086
Parallel attack,1,10,25,↘ South/East,2,1,6.0,6.7272727272727275,1.0,107.72727272727273,3.5454545454545454,4.7272727272727275,6396.636363636364,3.3636363636363638,0.042045454545454546
Parallel attack,1,10,25,↘ South/East,6,0,94.0,268.6363636363636,3464.2727272727275,3832.909090909091,23.363636363636363,7.454545454545454,2623.6363636363635,3776.3636363636365,47.20454545454545
Parallel attack,1,10,25,↘ South/East,6,1,90.0909090909091,249.72727272727272,3059.909090909091,3409.6363636363635,22.727272727272727,8.636363636363637,3050.818181818182,3349.181818181818,41.86477272727273
Parallel attack,1,10,25,↙ South/West,1,0,6.0,3.727272727272727,1.0,104.72727272727273,2.727272727272727,2.8181818181818183,6398.636363636364,1.3636363636363635,0.017045454545454544
Parallel attack,1,10,25,↙ South/West,1,1,6.0,4.636363636363637,1.0,105.63636363636364,3.1818181818181817,3.5454545454545454,6398.363636363636,1.6363636363636365,0.020454545454545454
Parallel attack,1,10,25,↙ South/West,2,0,6.0,5.181818181818182,1.0,106.18181818181819,2.8181818181818183,3.3636363636363638,6397.181818181818,2.8181818181818183,0.035227272727272725
Parallel attack,1,10,25,↙ South/West,2,1,6.0,7.636363636363637,1.0,108.63636363636364,3.8181818181818183,5.2727272727272725,6396.363636363636,3.6363636363636362,0.045454545454545456
Parallel attack,1,10,25,↙ South/West,6,0,76.27272727272727,271.8181818181818,2454.0,2825.818181818182,21.727272727272727,9.272727272727273,3639.818181818182,2760.181818181818,34.502272727272725
Parallel attack,1,10,25,↙ South/West,6,1,82.81818181818181,262.8181818181818,2888.818181818182,3251.6363636363635,23.363636363636363,8.363636363636363,3213.090909090909,3186.909090909091,39.836363636363636
Parallel attack,1,10,30,↖ North/West,1,0,6.0,4.181818181818182,1.0,105.18181818181819,2.6363636363636362,3.090909090909091,6398.545454545455,1.4545454545454546,0.018181818181818184
Parallel attack,1,10,30,↖ North/West,1,1,6.0,4.090909090909091,1.0,105.0909090909091,2.909090909090909,3.090909090909091,6398.636363636364,1.3636363636363635,0.017045454545454544
Parallel attack,1,10,30,↖ North/West,2,0,6.0,3.1818181818181817,1.0,104.18181818181819,2.090909090909091,2.090909090909091,6398.727272727273,1.2727272727272727,0.01590909090909091
Parallel attack,1,10,30,↖ North/West,2,1,6.0,6.818181818181818,1.0,107.81818181818181,3.6363636363636362,4.636363636363637,6396.818181818182,3.1818181818181817,0.03977272727272727
Parallel attack,1,10,30,↖ North/West,6,0,45.45454545454545,157.27272727272728,559.8181818181819,817.0909090909091,10.545454545454545,6.454545454545454,5678.363636363636,721.6363636363636,9.020454545454546
Parallel attack,1,10,30,↖ North/West,6,1,72.0,252.0,1635.909090909091,1987.909090909091,17.727272727272727,8.272727272727273,4490.818181818182,1909.1818181818182,23.864772727272726
Parallel attack,1,10,30,↗ North/East,1,0,6.0,3.1818181818181817,1.0,104.18181818181819,2.3636363636363638,2.4545454545454546,6398.727272727273,1.2727272727272727,0.01590909090909091
Parallel attack,1,10,30,↗ North/East,1,1,6.0,3.6363636363636362,1.0,104.63636363636364,2.6363636363636362,2.8181818181818183,6398.818181818182,1.1818181818181819,0.014772727272727272
Parallel attack,1,10,30,↗ North/East,2,0,6.0,5.909090909090909,1.0,106.9090909090909,3.4545454545454546,3.8181818181818183,6397.545454545455,2.4545454545454546,0.030681818181818185
Parallel attack,1,10,30,↗ North/East,2,1,6.0,5.636363636363637,1.0,106.63636363636364,3.1818181818181817,3.8181818181818183,6397.727272727273,2.272727272727273,0.028409090909090908
Parallel attack,1,10,30,↗ North/East,6,0,91.54545454545455,287.27272727272725,2714.7272727272725,3102.0,21.454545454545453,7.545454545454546,3365.3636363636365,3034.6363636363635,37.93295454545454
Parallel attack,1,10,30,↗ North/East,6,1,88.27272727272727,245.72727272727272,3095.090909090909,3440.818181818182,19.636363636363637,8.636363636363637,3017.181818181818,3382.818181818182,42.28522727272727
Parallel attack,1,10,30,↘ South/East,1,0,6.0,3.909090909090909,1.0,104.9090909090909,2.727272727272727,3.1818181818181817,6398.545454545455,1.4545454545454546,0.018181818181818184
Parallel attack,1,10,30,↘ South/East,1,1,6.0,3.090909090909091,1.0,104.0909090909091,2.272727272727273,2.272727272727273,6399.0,1.0,0.0125
Parallel attack,1,10,30,↘ South/East,2,0,6.0,5.545454545454546,1.0,106.54545454545455,3.0,3.5454545454545454,6397.636363636364,2.3636363636363638,0.029545454545454545
Parallel attack,1,10,30,↘ South/East,2,1,6.0,5.181818181818182,1.0,106.18181818181819,3.090909090909091,3.8181818181818183,6398.0,2.0,0.025
Parallel attack,1,10,30,↘ South/East,6,0,71.18181818181819,221.54545454545453,2416.5454545454545,2738.090909090909,17.727272727272727,7.454545454545454,3732.5454545454545,2667.4545454545455,33.34318181818182
Parallel attack,1,10,30,↘ South/East,6,1,51.72727272727273,164.0909090909091,1287.6363636363637,1551.7272727272727,14.363636363636363,7.909090909090909,4932.454545454545,1467.5454545454545,18.34431818181818
Parallel attack,1,10,30,↙ South/West,1,0,6.0,4.0,1.0,105.0,2.727272727272727,2.6363636363636362,6398.909090909091,1.0909090909090908,0.01363636363636364
Parallel attack,1,10,30,↙ South/West,1,1,6.0,3.5454545454545454,1.0,104.54545454545455,2.1818181818181817,2.727272727272727,6398.454545454545,1.5454545454545454,0.01931818181818182
Parallel attack,1,10,30,↙ South/West,2,0,6.0,4.181818181818182,1.0,105.18181818181819,2.5454545454545454,3.1818181818181817,6398.363636363636,1.6363636363636365,0.020454545454545454
Parallel attack,1,10,30,↙ South/West,2,1,6.0,2.909090909090909,1.0,103.9090909090909,2.0,1.9090909090909092,6398.636363636364,1.3636363636363635,0.017045454545454544
Parallel attack,1,10,30,↙ South/West,6,0,67.72727272727273,213.8181818181818,2076.0,2389.818181818182,20.727272727272727,7.636363636363637,4083.818181818182,2316.181818181818,28.952272727272724
Parallel attack,1,10,30,↙ South/West,6,1,56.36363636363637,174.54545454545453,1110.2727272727273,1384.8181818181818,15.454545454545455,7.454545454545454,5099.727272727273,1300.2727272727273,16.25340909090909
Parallel attack,1,30,15,↖ North/West,1,0,6.0,4.090909090909091,1.0,105.0909090909091,2.727272727272727,3.090909090909091,6398.636363636364,1.3636363636363635,0.017045454545454544
Parallel attack,1,30,15,↖ North/West,1,1,6.0,6.636363636363637,1.0,107.63636363636364,3.5454545454545454,5.0,6396.909090909091,3.090909090909091,0.038636363636363635
Parallel attack,1,30,15,↖ North/West,2,0,6.0,4.636363636363637,1.0,105.63636363636364,3.090909090909091,3.4545454545454546,6398.363636363636,1.6363636363636365,0.020454545454545454
Parallel attack,1,30,15,↖ North/West,2,1,6.0,5.2727272727272725,1.0,106.27272727272727,3.090909090909091,3.8181818181818183,6397.545454545455,2.4545454545454546,0.030681818181818178
Parallel attack,1,30,15,↖ North/West,6,0,6.090909090909091,16.363636363636363,1.0,117.36363636363636,5.7272727272727275,7.909090909090909,6389.636363636364,10.363636363636363,0.12954545454545455
Parallel attack,1,30,15,↖ North/West,6,1,6.2727272727272725,19.454545454545453,1.0,120.45454545454545,5.818181818181818,9.090909090909092,6386.454545454545,13.545454545454545,0.1693181818181818
Parallel attack,1,30,15,↗ North/East,1,0,6.0,3.272727272727273,1.0,104.27272727272727,2.3636363636363638,2.3636363636363638,6398.636363636364,1.3636363636363635,0.017045454545454544
Parallel attack,1,30,15,↗ North/East,1,1,6.0,4.636363636363637,1.0,105.63636363636364,2.909090909090909,4.090909090909091,6397.818181818182,2.1818181818181817,0.02727272727272727
Parallel attack,1,30,15,↗ North/East,2,0,6.0,4.909090909090909,1.0,105.9090909090909,3.272727272727273,3.909090909090909,6398.272727272727,1.7272727272727273,0.02159090909090909
Parallel attack,1,30,15,↗ North/East,2,1,6.0,6.909090909090909,1.0,107.9090909090909,4.0,5.2727272727272725,6396.727272727273,3.272727272727273,0.04090909090909091
Parallel attack,1,30,15,↗ North/East,6,0,6.090909090909091,15.090909090909092,1.0,116.0909090909091,5.545454545454546,7.2727272727272725,6391.0,9.0,0.1125
Parallel attack,1,30,15,↗ North/East,6,1,6.909090909090909,28.636363636363637,1.3636363636363635,130.0,6.818181818181818,10.727272727272727,6379.0,21.0,0.2625
Parallel attack,1,30,15,↘ South/East,1,0,6.0,4.2727272727272725,1.0,105.27272727272727,2.4545454545454546,2.727272727272727,6398.363636363636,1.6363636363636365,0.020454545454545454
Parallel attack,1,30,15,↘ South/East,1,1,6.0,5.363636363636363,1.0,106.36363636363636,3.1818181818181817,4.454545454545454,6397.545454545455,2.4545454545454546,0.030681818181818185
Parallel attack,1,30,15,↘ South/East,2,0,6.0,4.818181818181818,1.0,105.81818181818181,2.6363636363636362,3.0,6398.090909090909,1.9090909090909092,0.023863636363636365
Parallel attack,1,30,15,↘ South/East,2,1,6.0,8.0,1.0,109.0,3.727272727272727,5.181818181818182,6395.636363636364,4.363636363636363,0.05454545454545454
Parallel attack,1,30,15,↘ South/East,6,0,6.2727272727272725,21.545454545454547,1.0909090909090908,122.63636363636364,6.636363636363637,9.454545454545455,6385.818181818182,14.181818181818182,0.17727272727272728
Parallel attack,1,30,15,↘ South/East,6,1,6.636363636363637,26.272727272727273,1.0,127.27272727272727,7.0,11.090909090909092,6381.909090909091,18.09090909090909,0.2261363636363636
Parallel attack,1,30,15,↙ South/West,1,0,6.0,4.818181818181818,1.0,105.81818181818181,3.090909090909091,3.1818181818181817,6398.545454545455,1.4545454545454546,0.018181818181818184
Parallel attack,1,30,15,↙ South/West,1,1,6.0,4.909090909090909,1.0,105.9090909090909,3.1818181818181817,4.181818181818182,6397.818181818182,2.1818181818181817,0.02727272727272727
Parallel attack,1,30,15,↙ South/West,2,0,6.0,4.090909090909091,1.0,105.0909090909091,2.6363636363636362,2.6363636363636362,6398.727272727273,1.2727272727272727,0.015909090909090907
Parallel attack,1,30,15,↙ South/West,2,1,6.0,6.7272727272727275,1.0,107.72727272727273,3.4545454545454546,4.818181818181818,6397.090909090909,2.909090909090909,0.03636363636363636
Parallel attack,1,30,15,↙ South/West,6,0,6.181818181818182,17.454545454545453,1.0,118.45454545454545,5.7272727272727275,8.545454545454545,6388.909090909091,11.090909090909092,0.13863636363636364
Parallel attack,1,30,15,↙ South/West,6,1,7.181818181818182,32.18181818181818,1.0909090909090908,133.27272727272728,7.818181818181818,11.454545454545455,6376.545454545455,23.454545454545453,0.29318181818181815
Parallel attack,1,30,20,↖ North/West,1,0,6.0,3.5454545454545454,1.0,104.54545454545455,2.5454545454545454,2.5454545454545454,6399.0,1.0,0.0125
Parallel attack,1,30,20,↖ North/West,1,1,6.0,5.636363636363637,1.0,106.63636363636364,3.3636363636363638,4.545454545454546,6397.818181818182,2.1818181818181817,0.02727272727272727
Parallel attack,1,30,20,↖ North/West,2,0,6.0,3.090909090909091,1.0,104.0909090909091,2.3636363636363638,2.3636363636363638,6399.0,1.0,0.0125
Parallel attack,1,30,20,↖ North/West,2,1,6.0,4.0,1.0,105.0,2.6363636363636362,2.8181818181818183,6398.636363636364,1.3636363636363635,0.017045454545454544
Parallel attack,1,30,20,↖ North/West,6,0,6.0,7.090909090909091,1.0,108.0909090909091,3.3636363636363638,4.7272727272727275,6395.909090909091,4.090909090909091,0.05113636363636364
Parallel attack,1,30,20,↖ North/West,6,1,6.0,19.545454545454547,1.0,120.54545454545455,6.363636363636363,9.272727272727273,6389.272727272727,10.727272727272727,0.1340909090909091
Parallel attack,1,30,20,↗ North/East,1,0,6.0,2.727272727272727,1.0,103.72727272727273,2.090909090909091,2.090909090909091,6399.0,1.0,0.0125
Parallel attack,1,30,20,↗ North/East,1,1,6.0,4.545454545454546,1.0,105.54545454545455,2.8181818181818183,3.6363636363636362,6398.181818181818,1.8181818181818181,0.022727272727272728
Parallel attack,1,30,20,↗ North/East,2,0,6.0,3.090909090909091,1.0,104.0909090909091,2.1818181818181817,2.5454545454545454,6398.636363636364,1.3636363636363635,0.017045454545454544
Parallel attack,1,30,20,↗ North/East,2,1,6.0,4.909090909090909,1.0,105.9090909090909,3.090909090909091,3.5454545454545454,6398.181818181818,1.8181818181818181,0.022727272727272728
Parallel attack,1,30,20,↗ North/East,6,0,6.0,10.090909090909092,1.0,111.0909090909091,4.2727272727272725,6.0,6395.090909090909,4.909090909090909,0.06136363636363637
Parallel attack,1,30,20,↗ North/East,6,1,6.0,13.818181818181818,1.0,114.81818181818181,5.454545454545454,8.636363636363637,6391.363636363636,8.636363636363637,0.10795454545454546
Parallel attack,1,30,20,↘ South/East,1,0,6.0,3.1818181818181817,1.0,104.18181818181819,2.272727272727273,2.272727272727273,6399.0,1.0,0.0125
Parallel attack,1,30,20,↘ South/East,1,1,6.0,3.8181818181818183,1.0,104.81818181818181,3.090909090909091,3.5454545454545454,6398.545454545455,1.4545454545454546,0.018181818181818184
Parallel attack,1,30,20,↘ South/East,2,0,6.0,3.1818181818181817,1.0,104.18181818181819,2.090909090909091,2.272727272727273,6398.818181818182,1.1818181818181819,0.014772727272727272
Parallel attack,1,30,20,↘ South/East,2,1,6.0,5.2727272727272725,1.0,106.27272727272727,3.272727272727273,3.8181818181818183,6398.272727272727,1.7272727272727273,0.02159090909090909
Parallel attack,1,30,20,↘ South/East,6,0,6.0,8.909090909090908,1.0,109.9090909090909,4.363636363636363,5.2727272727272725,6395.363636363636,4.636363636363637,0.05795454545454545
Parallel attack,1,30,20,↘ South/East,6,1,6.090909090909091,13.545454545454545,1.0,114.54545454545455,5.090909090909091,7.2727272727272725,6391.181818181818,8.818181818181818,0.11022727272727272
Parallel attack,1,30,20,↙ South/West,1,0,6.0,3.6363636363636362,1.0,104.63636363636364,2.8181818181818183,2.8181818181818183,6398.727272727273,1.2727272727272727,0.01590909090909091
Parallel attack,1,30,20,↙ South/West,1,1,6.0,4.363636363636363,1.0,105.36363636363636,3.272727272727273,3.6363636363636362,6398.545454545455,1.4545454545454546,0.018181818181818184
Parallel attack,1,30,20,↙ South/West,2,0,6.0,4.363636363636363,1.0,105.36363636363636,3.0,2.8181818181818183,6398.727272727273,1.2727272727272727,0.01590909090909091
Parallel attack,1,30,20,↙ South/West,2,1,6.0,3.3636363636363638,1.0,104.36363636363636,2.1818181818181817,2.1818181818181817,6398.818181818182,1.1818181818181819,0.014772727272727272
Parallel attack,1,30,20,↙ South/West,6,0,6.0,10.545454545454545,1.0,111.54545454545455,4.0,5.636363636363637,6393.636363636364,6.363636363636363,0.07954545454545454
Parallel attack,1,30,20,↙ South/West,6,1,6.0,15.636363636363637,1.0,116.63636363636364,5.181818181818182,7.2727272727272725,6390.090909090909,9.909090909090908,0.12386363636363637
Parallel attack,1,30,25,↖ North/West,1,0,6.0,4.090909090909091,1.0,105.0909090909091,3.0,3.272727272727273,6398.727272727273,1.2727272727272727,0.01590909090909091
Parallel attack,1,30,25,↖ North/West,1,1,6.0,4.545454545454546,1.0,105.54545454545455,2.909090909090909,3.4545454545454546,6398.272727272727,1.7272727272727273,0.02159090909090909
Parallel attack,1,30,25,↖ North/West,2,0,6.0,3.1818181818181817,1.0,104.18181818181819,2.0,2.0,6399.0,1.0,0.0125
Parallel attack,1,30,25,↖ North/West,2,1,6.0,5.7272727272727275,1.0,106.72727272727273,3.6363636363636362,4.7272727272727275,6397.727272727273,2.272727272727273,0.028409090909090908
Parallel attack,1,30,25,↖ North/West,6,0,6.0,5.090909090909091,1.0,106.0909090909091,2.8181818181818183,3.4545454545454546,6397.363636363636,2.6363636363636362,0.03295454545454546
Parallel attack,1,30,25,↖ North/West,6,1,6.0,11.272727272727273,1.0,112.27272727272727,4.636363636363637,6.7272727272727275,6394.0,6.0,0.07500000000000001
Parallel attack,1,30,25,↗ North/East,1,0,6.0,2.8181818181818183,1.0,103.81818181818181,2.3636363636363638,2.3636363636363638,6399.0,1.0,0.0125
Parallel attack,1,30,25,↗ North/East,1,1,6.0,3.8181818181818183,1.0,104.81818181818181,2.8181818181818183,3.090909090909091,6398.727272727273,1.2727272727272727,0.01590909090909091
Parallel attack,1,30,25,↗ North/East,2,0,6.0,3.909090909090909,1.0,104.9090909090909,2.6363636363636362,2.909090909090909,6398.727272727273,1.2727272727272727,0.01590909090909091
Parallel attack,1,30,25,↗ North/East,2,1,6.0,4.181818181818182,1.0,105.18181818181819,2.8181818181818183,3.3636363636363638,6398.181818181818,1.8181818181818181,0.022727272727272728
Parallel attack,1,30,25,↗ North/East,6,0,6.0,3.8181818181818183,1.0,104.81818181818181,2.727272727272727,2.6363636363636362,6398.545454545455,1.4545454545454546,0.018181818181818184
Parallel attack,1,30,25,↗ North/East,6,1,6.0,8.0,1.0,109.0,3.6363636363636362,5.636363636363637,6395.363636363636,4.636363636363637,0.05795454545454546
Parallel attack,1,30,25,↘ South/East,1,0,6.0,3.727272727272727,1.0,104.72727272727273,2.8181818181818183,2.8181818181818183,6399.0,1.0,0.0125
Parallel attack,1,30,25,↘ South/East,1,1,6.0,3.727272727272727,1.0,104.72727272727273,2.3636363636363638,2.909090909090909,6398.454545454545,1.5454545454545454,0.01931818181818182
Parallel attack,1,30,25,↘ South/East,2,0,6.0,3.1818181818181817,1.0,104.18181818181819,2.1818181818181817,2.272727272727273,6399.0,1.0,0.0125
Parallel attack,1,30,25,↘ South/East,2,1,6.0,4.909090909090909,1.0,105.9090909090909,2.909090909090909,3.909090909090909,6398.0,2.0,0.025
Parallel attack,1,30,25,↘ South/East,6,0,6.0,4.818181818181818,1.0,105.81818181818181,2.909090909090909,3.6363636363636362,6397.727272727273,2.272727272727273,0.028409090909090908
Parallel attack,1,30,25,↘ South/East,6,1,6.0,8.636363636363637,1.0,109.63636363636364,3.909090909090909,5.363636363636363,6395.909090909091,4.090909090909091,0.05113636363636364
Parallel attack,1,30,25,↙ South/West,1,0,6.0,3.272727272727273,1.0,104.27272727272727,2.272727272727273,2.272727272727273,6399.0,1.0,0.0125
Parallel attack,1,30,25,↙ South/West,1,1,6.0,4.363636363636363,1.0,105.36363636363636,2.909090909090909,3.727272727272727,6398.090909090909,1.9090909090909092,0.023863636363636365
Parallel attack,1,30,25,↙ South/West,2,0,6.0,4.0,1.0,105.0,2.8181818181818183,3.090909090909091,6398.727272727273,1.2727272727272727,0.01590909090909091
Parallel attack,1,30,25,↙ South/West,2,1,6.0,4.181818181818182,1.0,105.18181818181819,3.0,3.727272727272727,6398.272727272727,1.7272727272727273,0.02159090909090909
Parallel attack,1,30,25,↙ South/West,6,0,6.0,6.090909090909091,1.0,107.0909090909091,3.1818181818181817,3.5454545454545454,6397.636363636364,2.3636363636363638,0.029545454545454545
Parallel attack,1,30,25,↙ South/West,6,1,6.0,7.7272727272727275,1.0,108.72727272727273,3.8181818181818183,4.454545454545454,6395.636363636364,4.363636363636363,0.05454545454545454
Parallel attack,1,30,30,↖ North/West,1,0,6.0,2.727272727272727,1.0,103.72727272727273,2.272727272727273,2.272727272727273,6399.0,1.0,0.0125
Parallel attack,1,30,30,↖ North/West,1,1,6.0,3.0,1.0,104.0,2.272727272727273,2.3636363636363638,6398.909090909091,1.0909090909090908,0.01363636363636364
Parallel attack,1,30,30,↖ North/West,2,0,6.0,3.090909090909091,1.0,104.0909090909091,2.090909090909091,2.090909090909091,6399.0,1.0,0.0125
Parallel attack,1,30,30,↖ North/West,2,1,6.0,3.090909090909091,1.0,104.0909090909091,2.6363636363636362,2.6363636363636362,6399.0,1.0,0.0125
Parallel attack,1,30,30,↖ North/West,6,0,6.0,4.818181818181818,1.0,105.81818181818181,2.909090909090909,3.1818181818181817,6398.0,2.0,0.025
Parallel attack,1,30,30,↖ North/West,6,1,6.0,6.090909090909091,1.0,107.0909090909091,3.0,4.545454545454546,6396.909090909091,3.090909090909091,0.038636363636363635
Parallel attack,1,30,30,↗ North/East,1,0,6.0,3.6363636363636362,1.0,104.63636363636364,2.3636363636363638,2.6363636363636362,6398.818181818182,1.1818181818181819,0.014772727272727272
Parallel attack,1,30,30,↗ North/East,1,1,6.0,3.8181818181818183,1.0,104.81818181818181,2.5454545454545454,2.8181818181818183,6398.727272727273,1.2727272727272727,0.01590909090909091
Parallel attack,1,30,30,↗ North/East,2,0,6.0,3.4545454545454546,1.0,104.45454545454545,2.5454545454545454,2.5454545454545454,6399.0,1.0,0.0125
Parallel attack,1,30,30,↗ North/East,2,1,6.0,3.727272727272727,1.0,104.72727272727273,2.909090909090909,3.1818181818181817,6398.727272727273,1.2727272727272727,0.01590909090909091
Parallel attack,1,30,30,↗ North/East,6,0,6.0,3.727272727272727,1.0,104.72727272727273,2.4545454545454546,2.727272727272727,6398.454545454545,1.5454545454545454,0.019318181818181818
Parallel attack,1,30,30,↗ North/East,6,1,6.0,8.090909090909092,1.0,109.0909090909091,3.727272727272727,5.363636363636363,6395.818181818182,4.181818181818182,0.05227272727272727
Parallel attack,1,30,30,↘ South/East,1,0,6.0,3.5454545454545454,1.0,104.54545454545455,2.5454545454545454,2.5454545454545454,6399.0,1.0,0.0125
Parallel attack,1,30,30,↘ South/East,1,1,6.0,3.6363636363636362,1.0,104.63636363636364,2.5454545454545454,2.6363636363636362,6398.909090909091,1.0909090909090908,0.01363636363636364
Parallel attack,1,30,30,↘ South/East,2,0,6.0,3.6363636363636362,1.0,104.63636363636364,2.6363636363636362,2.6363636363636362,6399.0,1.0,0.0125
Parallel attack,1,30,30,↘ South/East,2,1,6.0,4.363636363636363,1.0,105.36363636363636,2.8181818181818183,3.1818181818181817,6398.636363636364,1.3636363636363635,0.017045454545454544
Parallel attack,1,30,30,↘ South/East,6,0,6.0,5.0,1.0,106.0,2.8181818181818183,3.090909090909091,6398.0,2.0,0.025
Parallel attack,1,30,30,↘ South/East,6,1,6.0,9.363636363636363,1.0,110.36363636363636,4.363636363636363,5.7272727272727275,6395.454545454545,4.545454545454546,0.056818181818181816
Parallel attack,1,30,30,↙ South/West,1,0,6.0,3.8181818181818183,1.0,104.81818181818181,2.6363636363636362,2.6363636363636362,6399.0,1.0,0.0125
Parallel attack,1,30,30,↙ South/West,1,1,6.0,3.1818181818181817,1.0,104.18181818181819,2.4545454545454546,2.6363636363636362,6398.818181818182,1.1818181818181819,0.014772727272727272
Parallel attack,1,30,30,↙ South/West,2,0,6.0,4.181818181818182,1.0,105.18181818181819,2.727272727272727,2.727272727272727,6399.0,1.0,0.0125
Parallel attack,1,30,30,↙ South/West,2,1,6.0,3.3636363636363638,1.0,104.36363636363636,2.0,2.1818181818181817,6398.818181818182,1.1818181818181819,0.014772727272727272
Parallel attack,1,30,30,↙ South/West,6,0,6.0,4.454545454545454,1.0,105.45454545454545,2.909090909090909,3.8181818181818183,6397.909090909091,2.090909090909091,0.026136363636363635
Parallel attack,1,30,30,↙ South/West,6,1,6.0,6.454545454545454,1.0,107.45454545454545,3.909090909090909,5.090909090909091,6397.272727272727,2.727272727272727,0.03409090909090909
Parallel attack,1,50,15,↖ North/West,1,0,6.0,3.727272727272727,1.0,104.72727272727273,2.6363636363636362,2.6363636363636362,6399.0,1.0,0.0125
Parallel attack,1,50,15,↖ North/West,1,1,6.0,5.0,1.0,106.0,2.909090909090909,4.0,6397.636363636364,2.3636363636363638,0.029545454545454545
Parallel attack,1,50,15,↖ North/West,2,0,6.0,4.7272727272727275,1.0,105.72727272727273,2.727272727272727,2.909090909090909,6398.545454545455,1.4545454545454546,0.018181818181818184
Parallel attack,1,50,15,↖ North/West,2,1,6.0,7.090909090909091,1.0,108.0909090909091,3.272727272727273,4.909090909090909,6396.454545454545,3.5454545454545454,0.04431818181818182
Parallel attack,1,50,15,↖ North/West,6,0,6.0,9.272727272727273,1.0,110.27272727272727,4.2727272727272725,6.0,6395.0,5.0,0.0625
Parallel attack,1,50,15,↖ North/West,6,1,6.0,11.818181818181818,1.0,112.81818181818181,4.909090909090909,6.363636363636363,6392.818181818182,7.181818181818182,0.08977272727272728
Parallel attack,1,50,15,↗ North/East,1,0,6.0,3.1818181818181817,1.0,104.18181818181819,2.4545454545454546,2.4545454545454546,6399.0,1.0,0.0125
Parallel attack,1,50,15,↗ North/East,1,1,6.0,5.545454545454546,1.0,106.54545454545455,3.5454545454545454,4.909090909090909,6397.636363636364,2.3636363636363638,0.029545454545454545
Parallel attack,1,50,15,↗ North/East,2,0,6.0,3.727272727272727,1.0,104.72727272727273,2.909090909090909,3.0,6398.727272727273,1.2727272727272727,0.01590909090909091
Parallel attack,1,50,15,↗ North/East,2,1,6.0,7.0,1.0,108.0,3.3636363636363638,5.636363636363637,6395.818181818182,4.181818181818182,0.05227272727272727
Parallel attack,1,50,15,↗ North/East,6,0,6.0,10.363636363636363,1.0,111.36363636363636,4.363636363636363,5.909090909090909,6394.363636363636,5.636363636363637,0.07045454545454545
Parallel attack,1,50,15,↗ North/East,6,1,6.0,8.727272727272727,1.0,109.72727272727273,3.5454545454545454,4.909090909090909,6394.545454545455,5.454545454545454,0.06818181818181818
Parallel attack,1,50,15,↘ South/East,1,0,6.0,3.272727272727273,1.0,104.27272727272727,2.4545454545454546,2.4545454545454546,6398.909090909091,1.0909090909090908,0.01363636363636364
Parallel attack,1,50,15,↘ South/East,1,1,6.0,6.636363636363637,1.0,107.63636363636364,3.6363636363636362,5.7272727272727275,6396.545454545455,3.4545454545454546,0.04318181818181818
Parallel attack,1,50,15,↘ South/East,2,0,6.0,3.0,1.0,104.0,2.272727272727273,2.3636363636363638,6398.909090909091,1.0909090909090908,0.01363636363636364
Parallel attack,1,50,15,↘ South/East,2,1,6.0,5.090909090909091,1.0,106.0909090909091,3.0,3.909090909090909,6398.090909090909,1.9090909090909092,0.023863636363636365
Parallel attack,1,50,15,↘ South/East,6,0,6.0,11.0,1.0,112.0,4.7272727272727275,6.7272727272727275,6393.909090909091,6.090909090909091,0.07613636363636363
Parallel attack,1,50,15,↘ South/East,6,1,6.0,11.090909090909092,1.0,112.0909090909091,4.363636363636363,7.0,6393.636363636364,6.363636363636363,0.07954545454545454
Parallel attack,1,50,15,↙ South/West,1,0,6.0,2.727272727272727,1.0,103.72727272727273,2.0,2.0,6399.0,1.0,0.0125
Parallel attack,1,50,15,↙ South/West,1,1,6.0,7.545454545454546,1.0,108.54545454545455,4.545454545454546,7.181818181818182,6396.363636363636,3.6363636363636362,0.045454545454545456
Parallel attack,1,50,15,↙ South/West,2,0,6.0,3.8181818181818183,1.0,104.81818181818181,2.727272727272727,2.727272727272727,6399.0,1.0,0.0125
Parallel attack,1,50,15,↙ South/West,2,1,6.0,6.0,1.0,107.0,3.4545454545454546,4.636363636363637,6397.636363636364,2.3636363636363638,0.029545454545454545
Parallel attack,1,50,15,↙ South/West,6,0,6.0,11.909090909090908,1.0,112.9090909090909,5.0,6.818181818181818,6393.363636363636,6.636363636363637,0.08295454545454545
Parallel attack,1,50,15,↙ South/West,6,1,6.0,11.727272727272727,1.0,112.72727272727273,4.545454545454546,6.181818181818182,6393.636363636364,6.363636363636363,0.07954545454545454
Parallel attack,1,50,20,↖ North/West,1,0,6.0,3.1818181818181817,1.0,104.18181818181819,2.3636363636363638,2.3636363636363638,6399.0,1.0,0.0125
Parallel attack,1,50,20,↖ North/West,1,1,6.0,3.8181818181818183,1.0,104.81818181818181,2.727272727272727,3.0,6398.727272727273,1.2727272727272727,0.01590909090909091
Parallel attack,1,50,20,↖ North/West,2,0,6.0,2.909090909090909,1.0,103.9090909090909,2.090909090909091,2.090909090909091,6399.0,1.0,0.0125
Parallel attack,1,50,20,↖ North/West,2,1,6.0,5.090909090909091,1.0,106.0909090909091,2.8181818181818183,3.1818181818181817,6398.090909090909,1.9090909090909092,0.023863636363636365
Parallel attack,1,50,20,↖ North/West,6,0,6.0,3.909090909090909,1.0,104.9090909090909,2.6363636363636362,2.8181818181818183,6398.636363636364,1.3636363636363635,0.017045454545454544
Parallel attack,1,50,20,↖ North/West,6,1,6.0,7.818181818181818,1.0,108.81818181818181,3.6363636363636362,5.181818181818182,6396.0,4.0,0.05
Parallel attack,1,50,20,↗ North/East,1,0,6.0,3.272727272727273,1.0,104.27272727272727,2.4545454545454546,2.4545454545454546,6399.0,1.0,0.0125
Parallel attack,1,50,20,↗ North/East,1,1,6.0,6.0,1.0,107.0,3.3636363636363638,5.363636363636363,6397.0,3.0,0.0375
Parallel attack,1,50,20,↗ North/East,2,0,6.0,3.5454545454545454,1.0,104.54545454545455,2.727272727272727,3.0,6398.636363636364,1.3636363636363635,0.017045454545454544
Parallel attack,1,50,20,↗ North/East,2,1,6.0,4.636363636363637,1.0,105.63636363636364,3.3636363636363638,4.090909090909091,6398.272727272727,1.7272727272727273,0.02159090909090909
Parallel attack,1,50,20,↗ North/East,6,0,6.0,5.090909090909091,1.0,106.0909090909091,3.272727272727273,4.2727272727272725,6397.636363636364,2.3636363636363638,0.029545454545454545
Parallel attack,1,50,20,↗ North/East,6,1,6.0,7.181818181818182,1.0,108.18181818181819,3.6363636363636362,4.7272727272727275,6396.272727272727,3.727272727272727,0.046590909090909086
Parallel attack,1,50,20,↘ South/East,1,0,6.0,3.1818181818181817,1.0,104.18181818181819,2.272727272727273,2.272727272727273,6399.0,1.0,0.0125
Parallel attack,1,50,20,↘ South/East,1,1,6.0,6.0,1.0,107.0,3.5454545454545454,5.090909090909091,6397.363636363636,2.6363636363636362,0.03295454545454545
Parallel attack,1,50,20,↘ South/East,2,0,6.0,3.4545454545454546,1.0,104.45454545454545,2.727272727272727,2.727272727272727,6399.0,1.0,0.0125
Parallel attack,1,50,20,↘ South/East,2,1,6.0,4.363636363636363,1.0,105.36363636363636,2.909090909090909,3.3636363636363638,6398.272727272727,1.7272727272727273,0.02159090909090909
Parallel attack,1,50,20,↘ South/East,6,0,6.0,5.545454545454546,1.0,106.54545454545455,3.090909090909091,4.363636363636363,6397.363636363636,2.6363636363636362,0.03295454545454545
Parallel attack,1,50,20,↘ South/East,6,1,6.0,7.909090909090909,1.0,108.9090909090909,4.181818181818182,6.2727272727272725,6396.090909090909,3.909090909090909,0.04886363636363636
Parallel attack,1,50,20,↙ South/West,1,0,6.0,3.5454545454545454,1.0,104.54545454545455,2.6363636363636362,2.6363636363636362,6399.0,1.0,0.0125
Parallel attack,1,50,20,↙ South/West,1,1,6.0,3.6363636363636362,1.0,104.63636363636364,2.272727272727273,2.727272727272727,6398.545454545455,1.4545454545454546,0.018181818181818184
Parallel attack,1,50,20,↙ South/West,2,0,6.0,3.727272727272727,1.0,104.72727272727273,2.6363636363636362,2.6363636363636362,6399.0,1.0,0.0125
Parallel attack,1,50,20,↙ South/West,2,1,6.0,3.272727272727273,1.0,104.27272727272727,2.5454545454545454,2.727272727272727,6398.818181818182,1.1818181818181819,0.014772727272727272
Parallel attack,1,50,20,↙ South/West,6,0,6.0,4.7272727272727275,1.0,105.72727272727273,3.0,3.727272727272727,6398.181818181818,1.8181818181818181,0.022727272727272728
Parallel attack,1,50,20,↙ South/West,6,1,6.0,5.636363636363637,1.0,106.63636363636364,2.909090909090909,4.181818181818182,6397.0,3.0,0.0375
Parallel attack,1,50,25,↖ North/West,1,0,6.0,3.3636363636363638,1.0,104.36363636363636,2.3636363636363638,2.3636363636363638,6399.0,1.0,0.0125
Parallel attack,1,50,25,↖ North/West,1,1,6.0,4.090909090909091,1.0,105.0909090909091,3.0,3.1818181818181817,6398.818181818182,1.1818181818181819,0.014772727272727272
Parallel attack,1,50,25,↖ North/West,2,0,6.0,3.3636363636363638,1.0,104.36363636363636,2.4545454545454546,2.4545454545454546,6399.0,1.0,0.0125
Parallel attack,1,50,25,↖ North/West,2,1,6.0,4.2727272727272725,1.0,105.27272727272727,3.272727272727273,3.6363636363636362,6398.636363636364,1.3636363636363635,0.017045454545454544
Parallel attack,1,50,25,↖ North/West,6,0,6.0,3.8181818181818183,1.0,104.81818181818181,2.909090909090909,3.0,6398.727272727273,1.2727272727272727,0.01590909090909091
Parallel attack,1,50,25,↖ North/West,6,1,6.0,4.636363636363637,1.0,105.63636363636364,3.0,3.6363636363636362,6398.181818181818,1.8181818181818181,0.022727272727272728
Parallel attack,1,50,25,↗ North/East,1,0,6.0,3.1818181818181817,1.0,104.18181818181819,2.6363636363636362,2.6363636363636362,6399.0,1.0,0.0125
Parallel attack,1,50,25,↗ North/East,1,1,6.0,6.0,1.0,107.0,3.4545454545454546,4.7272727272727275,6397.636363636364,2.3636363636363638,0.029545454545454545
Parallel attack,1,50,25,↗ North/East,2,0,6.0,3.727272727272727,1.0,104.72727272727273,3.0,3.0,6399.0,1.0,0.0125
Parallel attack,1,50,25,↗ North/East,2,1,6.0,4.181818181818182,1.0,105.18181818181819,3.0,3.272727272727273,6398.727272727273,1.2727272727272727,0.01590909090909091
Parallel attack,1,50,25,↗ North/East,6,0,6.0,3.8181818181818183,1.0,104.81818181818181,2.5454545454545454,2.5454545454545454,6398.818181818182,1.1818181818181819,0.014772727272727272
Parallel attack,1,50,25,↗ North/East,6,1,6.0,4.363636363636363,1.0,105.36363636363636,2.909090909090909,3.8181818181818183,6398.0,2.0,0.025
Parallel attack,1,50,25,↘ South/East,1,0,6.0,2.5454545454545454,1.0,103.54545454545455,1.9090909090909092,1.9090909090909092,6399.0,1.0,0.0125
Parallel attack,1,50,25,↘ South/East,1,1,6.0,4.7272727272727275,1.0,105.72727272727273,2.909090909090909,3.4545454545454546,6398.454545454545,1.5454545454545454,0.01931818181818182
Parallel attack,1,50,25,↘ South/East,2,0,6.0,3.272727272727273,1.0,104.27272727272727,2.6363636363636362,2.6363636363636362,6399.0,1.0,0.0125
Parallel attack,1,50,25,↘ South/East,2,1,6.0,4.090909090909091,1.0,105.0909090909091,2.6363636363636362,3.272727272727273,6398.363636363636,1.6363636363636365,0.020454545454545454
Parallel attack,1,50,25,↘ South/East,6,0,6.0,3.1818181818181817,1.0,104.18181818181819,2.3636363636363638,2.3636363636363638,6399.0,1.0,0.0125
Parallel attack,1,50,25,↘ South/East,6,1,6.0,4.0,1.0,105.0,2.727272727272727,3.0,6398.636363636364,1.3636363636363635,0.017045454545454544
Parallel attack,1,50,25,↙ South/West,1,0,6.0,3.727272727272727,1.0,104.72727272727273,2.3636363636363638,2.3636363636363638,6399.0,1.0,0.0125
Parallel attack,1,50,25,↙ South/West,1,1,6.0,4.2727272727272725,1.0,105.27272727272727,2.8181818181818183,3.272727272727273,6398.545454545455,1.4545454545454546,0.018181818181818184
Parallel attack,1,50,25,↙ South/West,2,0,6.0,2.909090909090909,1.0,103.9090909090909,2.1818181818181817,2.1818181818181817,6399.0,1.0,0.0125
Parallel attack,1,50,25,↙ South/West,2,1,6.0,3.909090909090909,1.0,104.9090909090909,2.6363636363636362,3.3636363636363638,6398.272727272727,1.7272727272727273,0.02159090909090909
Parallel attack,1,50,25,↙ South/West,6,0,6.0,3.909090909090909,1.0,104.9090909090909,2.1818181818181817,2.272727272727273,6398.545454545455,1.4545454545454546,0.018181818181818184
Parallel attack,1,50,25,↙ South/West,6,1,6.0,4.909090909090909,1.0,105.9090909090909,3.090909090909091,3.4545454545454546,6398.363636363636,1.6363636363636365,0.020454545454545454
Parallel attack,1,50,30,↖ North/West,1,0,6.0,3.090909090909091,1.0,104.0909090909091,1.9090909090909092,1.9090909090909092,6399.0,1.0,0.0125
Parallel attack,1,50,30,↖ North/West,1,1,6.0,3.0,1.0,104.0,2.3636363636363638,2.3636363636363638,6399.0,1.0,0.0125
Parallel attack,1,50,30,↖ North/West,2,0,6.0,3.272727272727273,1.0,104.27272727272727,2.272727272727273,2.272727272727273,6399.0,1.0,0.0125
Parallel attack,1,50,30,↖ North/West,2,1,6.0,3.4545454545454546,1.0,104.45454545454545,2.727272727272727,3.0,6398.727272727273,1.2727272727272727,0.01590909090909091
Parallel attack,1,50,30,↖ North/West,6,0,6.0,3.1818181818181817,1.0,104.18181818181819,2.5454545454545454,2.6363636363636362,6398.727272727273,1.2727272727272727,0.01590909090909091
Parallel attack,1,50,30,↖ North/West,6,1,6.0,4.181818181818182,1.0,105.18181818181819,2.727272727272727,3.272727272727273,6398.181818181818,1.8181818181818181,0.022727272727272728
Parallel attack,1,50,30,↗ North/East,1,0,6.0,3.272727272727273,1.0,104.27272727272727,2.727272727272727,2.727272727272727,6399.0,1.0,0.0125
Parallel attack,1,50,30,↗ North/East,1,1,6.0,4.636363636363637,1.0,105.63636363636364,2.727272727272727,3.272727272727273,6398.454545454545,1.5454545454545454,0.01931818181818182
Parallel attack,1,50,30,↗ North/East,2,0,6.0,3.1818181818181817,1.0,104.18181818181819,2.5454545454545454,2.5454545454545454,6399.0,1.0,0.0125
Parallel attack,1,50,30,↗ North/East,2,1,6.0,3.909090909090909,1.0,104.9090909090909,2.909090909090909,3.4545454545454546,6398.454545454545,1.5454545454545454,0.01931818181818182
Parallel attack,1,50,30,↗ North/East,6,0,6.0,3.5454545454545454,1.0,104.54545454545455,2.6363636363636362,2.727272727272727,6398.727272727273,1.2727272727272727,0.015909090909090907
Parallel attack,1,50,30,↗ North/East,6,1,6.0,4.0,1.0,105.0,2.909090909090909,3.0,6398.909090909091,1.0909090909090908,0.01363636363636364
Parallel attack,1,50,30,↘ South/East,1,0,6.0,3.4545454545454546,1.0,104.45454545454545,2.5454545454545454,2.5454545454545454,6399.0,1.0,0.0125
Parallel attack,1,50,30,↘ South/East,1,1,6.0,4.090909090909091,1.0,105.0909090909091,2.5454545454545454,3.0,6398.545454545455,1.4545454545454546,0.018181818181818184
Parallel attack,1,50,30,↘ South/East,2,0,6.0,3.4545454545454546,1.0,104.45454545454545,2.727272727272727,2.727272727272727,6399.0,1.0,0.0125
Parallel attack,1,50,30,↘ South/East,2,1,6.0,3.5454545454545454,1.0,104.54545454545455,2.909090909090909,2.909090909090909,6399.0,1.0,0.0125
Parallel attack,1,50,30,↘ South/East,6,0,6.0,3.727272727272727,1.0,104.72727272727273,2.4545454545454546,2.727272727272727,6398.727272727273,1.2727272727272727,0.01590909090909091
Parallel attack,1,50,30,↘ South/East,6,1,6.0,4.818181818181818,1.0,105.81818181818181,2.6363636363636362,3.6363636363636362,6397.909090909091,2.090909090909091,0.026136363636363635
Parallel attack,1,50,30,↙ South/West,1,0,6.0,3.5454545454545454,1.0,104.54545454545455,2.8181818181818183,2.8181818181818183,6399.0,1.0,0.0125
Parallel attack,1,50,30,↙ South/West,1,1,6.0,4.2727272727272725,1.0,105.27272727272727,3.090909090909091,3.4545454545454546,6398.545454545455,1.4545454545454546,0.018181818181818184
Parallel attack,1,50,30,↙ South/West,2,0,6.0,3.4545454545454546,1.0,104.45454545454545,2.6363636363636362,2.6363636363636362,6399.0,1.0,0.0125
Parallel attack,1,50,30,↙ South/West,2,1,6.0,4.181818181818182,1.0,105.18181818181819,2.5454545454545454,3.090909090909091,6398.454545454545,1.5454545454545454,0.01931818181818182
Parallel attack,1,50,30,↙ South/West,6,0,6.0,4.090909090909091,1.0,105.0909090909091,3.0,3.1818181818181817,6398.545454545455,1.4545454545454546,0.018181818181818184
Parallel attack,1,50,30,↙ South/West,6,1,6.0,4.090909090909091,1.0,105.0909090909091,2.8181818181818183,3.1818181818181817,6398.454545454545,1.5454545454545454,0.019318181818181818
